,species,avg_score,clim_match,batch,native,established,aquatic,climate_mismatch,ref,
1,Abbottina_rivularis,0.035166809,Low,2011_2040,N,N,Y,N,https://fishbase.mnhn.fr/summary/22903,
2,Abelmoschus_esculentus,0.015880156,Low,2011_2040,N,Y,N,N,https://www.missouribotanicalgarden.org/PlantFinder/PlantFinderDetails.aspx?taxonid=282605,
3,Abutilon_indicum,0.002801078,Low,2011_2040,N,N,N,Y,https://www.nparks.gov.sg/florafaunaweb/flora/1/5/1582,
4,Achillea_pannonica,0.036228144,Low,2011_2040,N,N,N,N,https://www.anpc.ab.ca/wiki/index.php/Achillea_millefolium,
5,Achyranthes_aspera,2.30E-05,Low,2011_2040,N,N,N,N,https://www.cabidigitallibrary.org/doi/10.1079/cabicompendium.2664,
6,Aconitum_lycoctonum,0.945816484,Low,2011_2040,N,N,N,N,https://pfaf.org/user/Plant.aspx?LatinName=Aconitum+lycoctonum,
7,Aeschynomene_indica,0.000596231,Low,2011_2040,N,N,Y,Y,https://www.cabidigitallibrary.org/doi/10.1079/cabicompendium.3451,
8,Alchemilla_glaucescens,0.209553045,Low,2011_2040,N,N,Y,N,https://en.hortipedia.com/Alchemilla_glaucescens,
9,Alpinia_zerumbet,0.00295553,Low,2011_2040,N,N,N,Y,https://hort.extension.wisc.edu/articles/variegated-shell-ginger-alpinia-zerumbet-variegata/,
10,Alternanthera_sessilis,0.018321505,Low,2011_2040,N,N,Y,N,https://www.fdacs.gov/Agriculture-Industry/Pests-and-Diseases/Plant-Pests-and-Diseases/Noxious-Weeds/Alternanthera-sessilis-Sessile-Joyweed,
11,Alyssum_simplex,0.596313756,Low,2011_2040,N,N,N,N,https://ucjeps.berkeley.edu/eflora/eflora_display.php?tid=80700,
12,Amaranthus_blitum,0.333672757,Low,2011_2040,N,N,Y,N,https://www.cabidigitallibrary.org/doi/10.1079/cabicompendium.4648,
13,Amaranthus_hybridus,0.306108507,Low,2011_2040,Y,Y,Y,N,https://www.cabidigitallibrary.org/doi/10.1079/cabicompendium.4643,
14,Amaranthus_viridis,0.027977421,Low,2011_2040,N,N,N,N,https://www.cabidigitallibrary.org/doi/full/10.1079/cabicompendium.4654,
15,Amsonia_tabernaemontana,0.014854304,Low,2011_2040,N,Y,N,N,https://www.missouribotanicalgarden.org/PlantFinder/PlantFinderDetails.aspx?taxonid=364284&isprofile=0&,
16,Andropogon_glomeratus,0.017073119,Low,2011_2040,N,N,N,N,https://www.missouribotanicalgarden.org/PlantFinder/PlantFinderDetails.aspx?taxonid=285172,
17,Andropogon_virginicus,0.105289626,Low,2011_2040,N,N,N,N,http://www.newmoonnursery.com/plant/Andropogon-virginicus,
18,Apera_interrupta,0.220704206,Low,2011_2040,N,N,N,N,http://floranorthamerica.org/Apera_interrupta,
19,Arctotheca_calendula,0.002166491,Low,2011_2040,N,N,N,N,https://www.nzpcn.org.nz/flora/species/arctotheca-calendula/,
20,Areca_catechu,0.006156291,Low,2011_2040,N,N,N,Y,https://www.cabidigitallibrary.org/doi/10.1079/cabicompendium.6981,
21,Artocarpus_heterophyllus,0.000133214,Low,2011_2040,N,N,N,Y,https://www.missouribotanicalgarden.org/PlantFinder/PlantFinderDetails.aspx?taxonid=282749,
22,Asclepias_curassavica,0.005491145,Low,2011_2040,N,N,N,Y,https://www.missouribotanicalgarden.org/PlantFinder/PlantFinderDetails.aspx?taxonid=276911,
23,Aster_dumosus,0.033217431,Low,2011_2040,N,N,DD,N,https://www.wildflower.org/plants/result.php?id_plant=SYDUD2,
24,Aster_versicolor,0.000199998,Low,2011_2040,N,N,N,N,https://www.missouribotanicalgarden.org/PlantFinder/PlantFinderDetails.aspx?kempercode=c650,
25,Astragalus_galegiformis,0.063655084,Low,2011_2040,N,N,DD,Y,,
26,Astronotus_ocellatus,0.038791312,Low,2011_2040,N,N,Y,Y,https://www.fishbase.se/summary/Astronotus-ocellatus.html,
27,Bacopa_monnieri,0.000236536,Low,2011_2040,N,N,Y,Y,https://plants.ifas.ufl.edu/plant-directory/bacopa-monnieri/,
28,Bassia_prostrata,0.829460283,Low,2011_2040,N,N,N,N,https://extension.usu.edu/rangeplants/forbs-herbaceous/forage-kochia,
29,Bidens_ferulifolia,0.00054218,Low,2011_2040,N,N,N,Y,https://www.po.flowerscanadagrowers.com/our-products/1043/bidens/ferulifolia,
30,Bidens_pilosa,0.162969858,Low,2011_2040,N,N,N,N,https://tropical.theferns.info/viewtropical.php?id=Bidens+pilosa,
31,Bifora_testiculata,0.00010448,Low,2011_2040,N,N,DD,Y,http://www.flora.sa.gov.au/cgi-bin/speciesfacts_display.cgi?form=speciesfacts&name=Bifora_testiculata,
32,Boltonia_asteroides,0.273460365,Low,2011_2040,N,Y,N,N,https://www.missouribotanicalgarden.org/PlantFinder/PlantFinderDetails.aspx?kempercode=b730,
33,Brachypodium_sylvaticum,0.891349163,Low,2011_2040,N,N,Y,N,https://www.missouribotanicalgarden.org/PlantFinder/PlantFinderDetails.aspx?taxonid=242466,
34,Brassica_tournefortii,0.001040363,Low,2011_2040,N,N,N,N,https://www.iucngisd.org/gisd/species.php?sc=819,
35,Bromus_diandrus,0.027268425,Low,2011_2040,N,N,Y,N,https://www.cal-ipc.org/plants/profile/bromus-diandrus-profile/,
36,Bromus_japonicus,1.265047096,Medium,2011_2040,N,N,N,N,https://inspection.canada.ca/plant-health/seeds/seed-testing-and-grading/seeds-identification/bromus-japonicus/eng/1473682018294/1473682018823,
37,Bromus_kalmii,0.937710215,Low,2011_2040,N,N,N,N,https://www.minnesotawildflowers.info/grass-sedge-rush/kalms-brome,
38,Bromus_squarrosus,0.798534957,Low,2011_2040,N,N,N,N,https://linnet.geog.ubc.ca/Atlas/Atlas.aspx?sciname=Bromus%20squarrosus&noTransfer=0,
39,Bunium_bulbocastanum,0.049927776,Low,2011_2040,N,N,N,N,https://www.edimentals.com/blog/?p=8819,
40,Calotropis_gigantea,0.001588717,Low,2011_2040,N,N,N,N,https://www.missouribotanicalgarden.org/PlantFinder/PlantFinderDetails.aspx?taxonid=276827,
41,Caltha_leptosepala,1.099148039,Medium,2011_2040,N,N,Y,N,https://www.fs.usda.gov/wildflowers/plant-of-the-week/caltha_leptosepala.shtml,
42,Canna_indica,0.014538232,Low,2011_2040,N,N,Y,N,https://www.nparks.gov.sg/florafaunaweb/flora/1/7/1779,
43,Capsicum_annuum,0.110514038,Low,2011_2040,N,N,N,N,https://www.britannica.com/plant/Capsicum-annuum,
44,Cardamine_parviflora,1.184140924,Medium,2011_2040,N,Y,Y,N,https://gobotany.nativeplanttrust.org/species/cardamine/parviflora/,
45,Cardiospermum_halicacabum,0.001284378,Low,2011_2040,N,N,Y,N,https://www.cabidigitallibrary.org/doi/full/10.1079/cabicompendium.16033,
46,Carex_kobomugi,0.0006128,Low,2011_2040,N,N,N,N,https://www.invasive.org/alien/fact/cako1.htm,
47,Carlina_vulgaris,0.128720187,Low,2011_2040,N,N,N,N,https://pfaf.org/user/Plant.aspx?LatinName=Carlina+vulgaris,
48,Carpobrotus_edulis,0.000126038,Low,2011_2040,N,N,N,N,https://pza.sanbi.org/carpobrotus-edulis,
49,Catharanthus_roseus,0.006668349,Low,2011_2040,N,N,N,N,https://www.missouribotanicalgarden.org/PlantFinder/PlantFinderDetails.aspx?kempercode=a569,
50,Caucalis_platycarpos,0.114152361,Low,2011_2040,N,N,N,N,https://identify.plantnet.org/k-world-flora/species/Caucalis%20platycarpos%20L./data,
51,Centella_asiatica,0.001000741,Low,2011_2040,N,N,Y,N,https://www.cabidigitallibrary.org/doi/10.1079/cabicompendium.12048,
52,Ceratopteris_thalictroides,1.43E-06,Low,2011_2040,N,N,Y,Y,https://plants.ifas.ufl.edu/plant-directory/ceratopteris-thalictroides/,
53,Channa_marulius,0.004632045,Low,2011_2040,N,N,Y,Y,https://fishbase.de/summary/Channa-marulius.html,
54,Cherax_cainii,2.77E-06,Low,2011_2040,N,N,Y,Y,https://www.cabidigitallibrary.org/doi/full/10.1079/cabicompendium.89136,
55,Cherax_destructor,0.000379111,Low,2011_2040,N,N,Y,N,https://nas.er.usgs.gov/queries/greatLakes/FactSheet.aspx?Species_ID=3648&Potential=Y&Type=2,
56,Cichorium_endivia,0.042253612,Low,2011_2040,N,N,N,N,https://plants.ces.ncsu.edu/plants/cichorium-endivia/,
57,Cirsium_ochrocentrum,0.272102716,Low,2011_2040,N,N,N,N,"https://southwestdesertflora.com/WebsiteFolders/All_Species/Asteraceae/Cirsium%20ochrocentrum,%20Yellowspine%20Thistle.html",
58,Citrus_aurantiifolia,0.00095858,Low,2011_2040,N,N,N,Y,https://www.cabidigitallibrary.org/doi/10.1079/cabicompendium.13438,
59,Clupeonella_cultriventris,0.161639439,Low,2011_2040,N,N,Y,N,https://nas.er.usgs.gov/queries/greatlakes/FactSheet.aspx?Species_ID=3634&Potential=Y&Type=2,
60,Coix_lacryma-jobi,0.005943983,Low,2011_2040,N,N,N,N,https://plants.ces.ncsu.edu/plants/coix-lacryma-jobi/,
61,Coregonus_albula,0.128987424,Low,2011_2040,N,N,Y,N,https://www.cabidigitallibrary.org/doi/10.1079/cabicompendium.109136,
62,Corymbia_citriodora,6.77E-05,Low,2011_2040,N,N,Y,N,https://nas.er.usgs.gov/queries/factsheet.aspx?SpeciesID=885,
63,Cotoneaster_moupinensis,0.027604469,Low,2011_2040,N,N,N,Y,https://sites.redlands.edu/trees/species-accounts/lemonscentedgum/,
64,Cucumis_anguria,0.002801078,Low,2011_2040,N,N,N,N,https://www.treesandshrubsonline.org/articles/cotoneaster/cotoneaster-moupinensis/,
65,Cuscuta_approximata,0.105883016,Low,2011_2040,N,N,N,Y,https://plants.ces.ncsu.edu/plants/cucumis-anguria/,
66,Cuscuta_reflexa,1.10E-05,Low,2011_2040,N,N,N,N,https://linnet.geog.ubc.ca/Atlas/Atlas.aspx?sciname=Cuscuta%20approximata,
67,Cyclachaena_xanthiifolia,0.83613115,Low,2011_2040,N,N,N,Y,https://www.cabidigitallibrary.org/doi/10.1079/cabicompendium.17120,
68,Cyclanthera_pedata,0.000225131,Low,2011_2040,N,N,Y,N,https://www.minnesotawildflowers.info/flower/giant-sumpweed,
69,Cymbopogon_citratus,0.000908438,Low,2011_2040,N,N,N,DD,https://pfaf.org/user/Plant.aspx?LatinName=Cyclanthera+pedata,
70,Cynodon_dactylon,0.178600251,Low,2011_2040,N,N,N,N,https://www.britannica.com/plant/Poales,
71,Cynosurus_echinatus,0.066067669,Low,2011_2040,N,N,N,N,https://www.cal-ipc.org/plants/profile/cynosurus-echinatus-profile/,
72,Cyperus_difformis,0.021589813,Low,2011_2040,N,N,Y,N,https://plants.ifas.ufl.edu/plant-directory/cyperus-difformis/,
73,Cyperus_papyrus,0.000356265,Low,2011_2040,N,N,Y,Y,https://hort.extension.wisc.edu/articles/papyrus-cyperus-papyrus/,
74,Daphnia_lumholtzi,0.077200304,Low,2011_2040,N,N,Y,N,https://nas.er.usgs.gov/queries/factsheet.aspx?SpeciesID=164,
75,Datura_metel,0.009757202,Low,2011_2040,N,N,N,N,https://www.missouribotanicalgarden.org/PlantFinder/PlantFinderDetails.aspx?taxonid=287149&isprofile=0&pt=8,
76,Dendrobaena_hortensis,0.024881837,Low,2011_2040,N,N,N,N,https://eol.org/pages/3126877,
77,Digitaria_debilis,7.22E-05,Low,2011_2040,N,N,N,Y,https://powo.science.kew.org/taxon/urn:lsid:ipni.org:names:145580-3,
78,Dioscorea_bulbifera,4.18E-05,Low,2011_2040,N,N,N,Y,https://www.invasivespeciesinfo.gov/terrestrial/plants/air-potato,
79,Echinochloa_crus-pavonis,0.000260497,Low,2011_2040,N,N,Y,Y,https://www.cabidigitallibrary.org/doi/10.1079/cabicompendium.121129,NOTE: Should be assessed in future
80,Echinops_bannaticus,0.026504491,Low,2011_2040,N,Y,N,N,https://www.missouribotanicalgarden.org/PlantFinder/PlantFinderDetails.aspx?taxonid=245989&isprofile=1&gen=Echinops,
81,Echinops_sphaerocephalus,0.70645823,Low,2011_2040,UNKNOWN,Y,N,N,https://www.gardenia.net/plant/echinops-sphaerocephalus-arctic-glow,
82,Eragrostis_curvula,0.105460594,Low,2011_2040,N,N,N,N,https://www.fs.usda.gov/database/feis/plants/graminoid/eracur/all.html,
83,Euphorbia_glyptosperma,1.210863383,Medium,2011_2040,UNKNOWN,N,N,N,https://www.minnesotawildflowers.info/flower/ridge-seed-spurge,
84,Euphorbia_lagascae,0.000350192,Low,2011_2040,N,N,N,N,https://cdnsciencepub.com/doi/10.1139/cjps-2015-0270,
85,Euphorbia_leptocaula,0.004555784,Low,2011_2040,N,N,N,N,https://worldofsucculents.com/cylindropuntia-leptocaulis/,
86,Euphorbia_rigida,0.002012555,Low,2011_2040,N,N,N,N,https://worldofsucculents.com/euphorbia-rigida-upright-myrtle-spurge/,
87,Euphorbia_sareptana,0.012442486,Low,2011_2040,N,N,N,N,http://www.efloras.org/florataxon.aspx?flora_id=1&taxon_id=250101644,
88,Exochorda_racemosa,0.045026087,Low,2011_2040,N,N,N,N,https://www.missouribotanicalgarden.org/PlantFinder/PlantFinderDetails.aspx?taxonid=286415,
89,Fatoua_villosa,0.042623088,Low,2011_2040,N,N,Y,N,https://www.invasive.org/browse/subinfo.cfm?sub=5639,
90,Ficus_carica,0.050311358,Low,2011_2040,N,N,N,N,https://plants.ces.ncsu.edu/plants/ficus-carica/,
91,Filago_arvensis,0.906446573,Low,2011_2040,N,N,N,N,https://fieldguide.mt.gov/speciesDetail.aspx?elcode=PDASTEG010,
92,Filipendula_ulmaria,2.105487484,High,2011_2040,N,Y,N,N,https://www.missouribotanicalgarden.org/PlantFinder/PlantFinderDetails.aspx?taxonid=286386,
93,Galega_officinalis,0.160911905,Low,2011_2040,N,N,Y,N,https://inspection.canada.ca/plant-health/seeds/seed-testing-and-grading/seeds-identification/galega-officinalis/eng/1405080573911/1405080574833,NOTE: Regulated Noxious Weed in Canada
94,Galeopsis_speciosa,1.068407011,Medium,2011_2040,N,N,N,N,https://botsocscot.wordpress.com/2022/07/31/plant-of-the-week-1st-august-2022-large-flowered-hemp-nettle-galeopsis-speciosa/,
95,Galium_album,0.643268539,Low,2011_2040,N,N,DD,N,https://explorer.natureserve.org/Taxon/ELEMENT_GLOBAL.2.130634/Galium_album,
96,Galium_saxatile,0.140440701,Low,2011_2040,N,N,N,N,https://www.first-nature.com/flowers/galium-saxatile.php,
97,Gambusia_holbrooki,0.007937344,Low,2011_2040,N,N,Y,N,https://nas.er.usgs.gov/queries/FactSheet.aspx?SpeciesID=849,
98,Gamochaeta_pensylvanica,0.098471689,Low,2011_2040,N,N,N,N,https://gobotany.nativeplanttrust.org/species/gamochaeta/pensylvanica/,
99,Gamochaeta_purpurea,0.042552422,Low,2011_2040,N,N,N,N,https://gobotany.nativeplanttrust.org/species/gamochaeta/purpurea/,
100,Gardenia_jasminoides,0.000133214,Low,2011_2040,N,N,N,N,https://www.missouribotanicalgarden.org/PlantFinder/PlantFinderDetails.aspx?kempercode=b555,
101,Gastridium_ventricosum,0.002010051,Low,2011_2040,N,N,N,N,https://gobotany.nativeplanttrust.org/species/gastridium/phleoides/,
102,Geranium_lucidum,0.088093763,Low,2011_2040,N,N,N,N,https://fviss.ca/invasive-plant/shiny-geranium,
103,Geranium_nepalense,0.121899197,Low,2011_2040,N,N,N,N,https://eol.org/pages/130306,
104,Geranium_pratense,2.13262569,High,2011_2040,N,Y,N,N,https://www.missouribotanicalgarden.org/PlantFinder/PlantFinderDetails.aspx?taxonid=297660,
105,Geranium_thunbergii,0.026978058,Low,2011_2040,N,N,N,N,https://gobotany.nativeplanttrust.org/species/geranium/thunbergii/,
106,Geranium_versicolor,0.001460073,Low,2011_2040,N,N,N,N,"https://www.wildflowersofireland.net/plant_detail.php?id_flower=78&wildflower=Crane%27s-bill,%20Pencilled",
107,Gomphrena_globosa,0.010397225,Low,2011_2040,N,N,N,N,https://hort.extension.wisc.edu/articles/globe-amaranth-gomphrena-globosa/,
108,Gypsophila_paniculata,0.950224784,Low,2011_2040,N,N,N,N,https://bcinvasives.ca/invasives/babys-breath/,
109,Hedera_colchica,0.025120872,Low,2011_2040,N,N,N,N,https://www.missouribotanicalgarden.org/PlantFinder/PlantFinderDetails.aspx?taxonid=298893,
110,Hedychium_coronarium,0.081065265,Low,2011_2040,N,N,Y,N,https://www.missouribotanicalgarden.org/PlantFinder/PlantFinderDetails.aspx?taxonid=287579,
111,Hedypnois_cretica,0.002860087,Low,2011_2040,N,N,N,N,"https://southwestdesertflora.com/WebsiteFolders/All_Species/Asteraceae/Hedypnois%20cretica,%20Cretanweed.html",
112,Helianthus_annuus,1.314452991,Medium,2011_2040,UNKNOWN,Y,N,N,https://www.wildflower.org/plants/result.php?id_plant=hean3,
113,Helianthus_laetiflorus,0.164220652,Low,2011_2040,N,Y,N,N,https://www.wildflower.org/plants/result.php?id_plant=HELA,
114,Heliotropium_curassavicum,0.573724419,Low,2011_2040,N,N,Y,N,https://www.wildflower.org/plants/result.php?id_plant=hecu3,
115,Heliotropium_indicum,0.001160186,Low,2011_2040,N,N,Y,N,https://gobotany.nativeplanttrust.org/species/heliotropium/indicum/,
116,Hemibarbus_maculatus,0.040463256,Low,2011_2040,N,N,Y,N,https://www.cabidigitallibrary.org/doi/10.1079/cabicompendium.110573,
117,Hemiculter_leucisculus,0.030220469,Low,2011_2040,N,N,Y,N,https://www.cabidigitallibrary.org/doi/10.1079/cabicompendium.110574,
118,Heteranthera_rotundifolia,0.001511406,Low,2011_2040,N,N,Y,N,https://www.wildflower.org/plants/result.php?id_plant=HERO5,
119,Heteropogon_contortus,0.000175131,Low,2011_2040,N,N,N,N,https://www.cabidigitallibrary.org/doi/10.1079/cabicompendium.26983,
120,Heuchera_americana,0.05222085,Low,2011_2040,N,N,N,N,https://www.wildflower.org/plants/result.php?id_plant=heam6,
121,Hibiscus_trionum,0.423505448,Low,2011_2040,N,N,N,N,https://www.missouribotanicalgarden.org/PlantFinder/PlantFinderDetails.aspx?kempercode=b943,
122,Hieracium_floribundum,0.005806141,Low,2011_2040,N,N,N,N,https://www.invasive.org/browse/subinfo.cfm?sub=12260,
123,Hieracium_piloselloides,0.410770781,Low,2011_2040,N,Y,N,N,https://gobotany.nativeplanttrust.org/species/hieracium/piloselloides/,
124,Holcus_mollis,0.281638345,Low,2011_2040,UNKNOWN,N,N,N,https://www.missouribotanicalgarden.org/PlantFinder/PlantFinderDetails.aspx?taxonid=255325,
125,Holosteum_umbellatum,0.346841692,Low,2011_2040,N,N,N,N,https://gobotany.nativeplanttrust.org/species/holosteum/umbellatum/,
126,Hosta_lancifolia,0.048509468,Low,2011_2040,N,N,N,N,https://www.missouribotanicalgarden.org/PlantFinder/PlantFinderDetails.aspx?taxonid=281958&isprofile=0&,
127,Hovenia_dulcis,0.082649746,Low,2011_2040,N,N,N,N,https://pfaf.org/user/plant.aspx?LatinName=Hovenia+dulcis,
128,Howea_belmoreana,0.007746843,Low,2011_2040,N,N,N,N,https://palmpedia.net/wiki/Howea_belmoreana,
129,Hyparrhenia_hirta,0.014992759,Low,2011_2040,N,N,N,N,https://pza.sanbi.org/hyparrhenia-hirta,
130,Hypericum_androsaemum,0.052259018,Low,2011_2040,N,N,N,N,https://www.missouribotanicalgarden.org/PlantFinder/PlantFinderDetails.aspx?taxonid=279202,
131,Hypericum_gymnanthum,0.001314097,Low,2011_2040,N,N,Y,N,https://www.illinoiswildflowers.info/wetland/plants/cl_stjohnwort.htm,
132,Iberis_umbellata,0.091250176,Low,2011_2040,N,Y,N,N,https://plants.ces.ncsu.edu/plants/iberis-umbellata/,
133,Impatiens_balfourii,0.103753644,Low,2011_2040,N,N,Y,N,http://www.misin.msu.edu/facts/detail/?project=misin&id=296&cname=Balfour%27s%20touch-me-not,
134,Ipheion_uniflorum,3.41E-05,Low,2011_2040,N,N,N,N,https://plants.ces.ncsu.edu/plants/ipheion-uniflorum/,
135,Ipomoea_aquatica,0.000895413,Low,2011_2040,N,N,Y,N,https://plants.ifas.ufl.edu/plant-directory/ipomoea-aquatica/,
136,Iris_foetidissima,0.000853714,Low,2011_2040,N,N,N,N,https://www.missouribotanicalgarden.org/PlantFinder/PlantFinderDetails.aspx?kempercode=z710,
137,Iris_sibirica,0.450072426,Low,2011_2040,N,Y,UNKNOWN,N,https://www.gardenia.net/genus/iris-sibirica-siberian-iris,
138,Iris_spuria,0.001482804,Low,2011_2040,N,N,N,N,https://www.missouribotanicalgarden.org/PlantFinder/PlantFinderDetails.aspx?taxonid=281088,
139,Lablab_purpureus,0.049818074,Low,2011_2040,N,N,N,N,https://plants.ces.ncsu.edu/plants/lablab-purpureus/,
140,Lamium_confertum,0.090233328,Low,2011_2040,N,N,N,N,https://luontoportti.com/en/t/1728/northern-dead-nettle,
141,Lamium_galeobdolon,0.431151461,Low,2011_2040,N,Y,N,N,https://hort.extension.wisc.edu/articles/lamiastrum-galeobdolon-yellow-archangel/,
142,Lawsonia_inermis,0.002540209,Low,2011_2040,N,N,N,N,https://www.missouribotanicalgarden.org/PlantFinder/PlantFinderDetails.aspx?taxonid=282498&isprofile=0&cv,
143,Lemna_aequinoctialis,0.006315831,Low,2011_2040,N,N,Y,N,https://www.cabidigitallibrary.org/doi/10.1079/cabicompendium.121132,
144,Lepidium_appelianum,0.397530562,Low,2011_2040,N,N,N,N,https://www.minnesotawildflowers.info/flower/green-flowered-peppergrass,
145,Lepidium_graminifolium,0.029995761,Low,2011_2040,N,N,DD,N,https://www.maltawildplants.com/CRUC/Lepidium_graminifolium.php,
146,Lepidium_heterophyllum,0.040950878,Low,2011_2040,N,N,N,N,https://gobotany.nativeplanttrust.org/species/lepidium/heterophyllum/,
147,Leucanthemella_serotina,0.191182357,Low,2011_2040,N,N,N,N,https://gobotany.nativeplanttrust.org/species/leucanthemella/serotina/,
148,Leymus_innovatus,2.968041332,High,2011_2040,N,N,N,N,https://linnet.geog.ubc.ca/Atlas/Atlas.aspx?sciname=Leymus%20innovatus,Note: Could impact riparian
149,Ligusticum_scoticum,0.565847794,Low,2011_2040,Y,Y,N,N,https://gobotany.nativeplanttrust.org/species/ligusticum/scoticum/,
150,Linaria_genistifolia,0.167228044,Low,2011_2040,N,N,N,N,https://www.invasive.org/browse/subinfo.cfm?sub=4507,
151,Linaria_purpurea,0.045947107,Low,2011_2040,N,N,N,N,https://www.rhs.org.uk/plants/10291/linaria-purpurea/details,
152,Linaria_supina,0.094031073,Low,2011_2040,N,N,N,N,https://alienplantsbelgium.myspecies.info/content/linaria-supina,
153,Linum_virginianum,0.033957324,Low,2011_2040,N,N,Y,N,https://www.wildflower.org/plants/result.php?id_plant=LIVI,
154,Liriope_muscari,0.001183541,Low,2011_2040,N,N,N,N,https://plants.ces.ncsu.edu/plants/liriope-muscari/,
155,Liriope_spicata,0.000148402,Low,2011_2040,N,N,N,N,https://www.missouribotanicalgarden.org/PlantFinder/PlantFinderDetails.aspx?taxonid=282210,
156,Lobelia_siphilitica,0.587580052,Low,2011_2040,N,Y,Y,N,https://www.wildflower.org/plants/result.php?id_plant=losi,
157,Lonicera_alpigena,0.39242602,Low,2011_2040,N,N,N,N,https://en.hortipedia.com/Lonicera_alpigena,
158,Lonicera_japonica,0.273034729,Low,2011_2040,N,Y,UNKNOWN,N,https://plants.ces.ncsu.edu/plants/lonicera-japonica/,
159,Lopezia_racemosa,0.001917506,Low,2011_2040,N,N,N,N,https://wildflowersearch.org/search?&PlantName=Lopezia+racemosa,
160,Lotus_cytisoides,0.000219858,Low,2011_2040,N,N,N,Y,https://eol.org/pages/702891,
161,Ludwigia_grandiflora,0.025914004,Low,2011_2040,N,N,Y,N,https://plants.ifas.ufl.edu/plant-directory/ludwigia-grandiflora/,
162,Lupinus_perennis,0.386229991,Low,2011_2040,N,N,N,N,https://www.wildflower.org/plants/result.php?id_plant=lupe3,
163,Lupinus_plattensis,0.214089765,Low,2011_2040,N,N,DD,N,https://www.wildflower.org/plants/result.php?id_plant=lupl,
164,Luzula_campestris,0.602279612,Low,2011_2040,N,Y,Y,N,https://gobotany.nativeplanttrust.org/species/luzula/campestris/,
165,Lysichiton_camtschatcensis,0.358509832,Low,2011_2040,N,N,Y,N,https://www.missouribotanicalgarden.org/PlantFinder/PlantFinderDetails.aspx?taxonid=276370,
166,Lythrum_hyssopifolium,0.000107981,Low,2011_2040,N,N,Y,N,https://gobotany.nativeplanttrust.org/species/lythrum/hyssopifolia/,
167,Macaca_mulatta,0.000144131,Low,2011_2040,N,N,N,N,https://animaldiversity.org/accounts/Macaca_mulatta/,
168,Maianthemum_stellatum,2.608207699,High,2011_2040,Y,Y,Y,N,https://www.wildflower.org/plants/result.php?id_plant=mast4,
169,Malva_sylvestris,0.282376018,Low,2011_2040,N,Y,N,N,https://www.missouribotanicalgarden.org/PlantFinder/PlantFinderDetails.aspx?taxonid=282568,
170,Marsilea_minuta,0.014473082,Low,2011_2040,N,N,Y,N,https://www.cabidigitallibrary.org/doi/10.1079/cabicompendium.32557,
171,Matthiola_longipetala,0.059738757,Low,2011_2040,N,N,N,N,http://www.efloras.org/florataxon.aspx?flora_id=1&taxon_id=250094796,
172,Medicago_italica,6.97E-05,Low,2011_2040,N,N,DD,Y,https://www.cabidigitallibrary.org/doi/full/10.1079/cabicompendium.115522,
173,Medicago_monspeliaca,0.013575403,Low,2011_2040,N,N,N,N,https://eol.org/pages/703374,
174,Medicago_polymorpha,0.034168353,Low,2011_2040,N,N,N,N,https://www.cal-ipc.org/plants/profile/medicago-polymorpha-profile/,
175,Medicago_rigidula,0.04352041,Low,2011_2040,N,N,N,N,https://gobotany.nativeplanttrust.org/species/medicago/rigidula/,
176,Mentha_gentilis,0.000587356,Low,2011_2040,Y,Y,Y,N,https://www.wildflower.org/plants/result.php?id_plant=mear4,
177,Mimosa_pudica,0.001342483,Low,2011_2040,N,N,UNKNOWN,N,https://www.britannica.com/plant/sensitive-plant,
178,Mirabilis_jalapa,0.111323668,Low,2011_2040,N,Y,N,N,https://hort.extension.wisc.edu/articles/four-oclocks-mirabilis-jalapa/,
179,Miscanthus_sinensis,0.307034927,Low,2011_2040,N,Y,N,N,https://www.missouribotanicalgarden.org/PlantFinder/PlantFinderDetails.aspx?taxonid=285333,
180,Misopates_orontium,0.060476972,Low,2011_2040,N,N,Y,N,https://gobotany.nativeplanttrust.org/species/misopates/orontium/,
181,Momordica_charantia,0.007641042,Low,2011_2040,N,N,N,N,https://www.missouribotanicalgarden.org/PlantFinder/PlantFinderDetails.aspx?taxonid=279547,
182,Mosla_dianthera,0.010855453,Low,2011_2040,N,N,N,N,https://tennessee-kentucky.plantatlas.usf.edu/plant.aspx?id=2143,
183,Mycelis_muralis,0.439901832,Low,2011_2040,N,N,N,N,https://gobotany.nativeplanttrust.org/species/mycelis/muralis/,
184,Nassella_neesiana,0.00025741,Low,2011_2040,N,N,N,Y,https://cdn.environment.sa.gov.au/landscape/docs/ny/chilean-needlegrass-fact-sheet.pdf,
185,Nasturtium_sterile,0.00241395,Low,2011_2040,N,N,Y,N,https://pfaf.org/User/Plant.aspx?LatinName=Nasturtium+x+sterile,
186,Neogobius_fluviatilis,0.020410639,Low,2011_2040,N,N,Y,N,https://www.fws.gov/sites/default/files/documents/Ecological-Risk-Screening-Summary-Monkey-Goby.pdf,
187,Nepeta_racemosa,0.170793491,Low,2011_2040,N,Y,N,N,https://plants.ces.ncsu.edu/plants/nepeta-x-faassenii-walkers-low/,
188,Neyraudia_reynaudiana,0.00187826,Low,2011_2040,N,N,Y,N,https://www.iucngisd.org/gisd/species.php?sc=303,
189,Nicandra_physalodes,0.389247461,Low,2011_2040,N,Y,N,N,https://gobotany.nativeplanttrust.org/species/nicandra/physalodes/,
190,Nicotiana_tabacum,0.057186678,Low,2011_2040,N,Y,N,N,https://plants.ces.ncsu.edu/plants/nicotiana-tabacum/,
191,Nothoscordum_bivalve,0.00503872,Low,2011_2040,N,N,N,N,https://www.wildflower.org/plants/result.php?id_plant=nobi2,
192,Nothoscordum_borbonicum,0.000506171,Low,2011_2040,N,N,DD,N,https://explorer.natureserve.org/Taxon/ELEMENT_GLOBAL.2.792630/Nothoscordum_borbonicum,
193,Nymphaea_tetragona,2.157984434,High,2011_2040,N,N,Y,N,https://linnet.geog.ubc.ca/Atlas/Atlas.aspx?sciname=Nymphaea%20tetragona,
194,Oenothera_flava,0.450325083,Low,2011_2040,N,N,Y,N,https://www.wildflower.org/plants/result.php?id_plant=OEFL,
195,Ononis_natrix,0.133253229,Low,2011_2040,N,N,N,N,https://powo.science.kew.org/taxon/urn:lsid:ipni.org:names:510418-1,
196,Ophrys_insectifera,0.264360917,Low,2011_2040,N,N,N,N,https://bsbi.org/wp-content/uploads/dlm_uploads/Ophrys_insectifera_species_account.pdf,
197,Opuntia_ficus-indica,0.000981688,Low,2011_2040,N,N,N,N,https://keys.lucidcentral.org/keys/v3/eafrinet/weeds/key/weeds/Media/Html/Opuntia_ficus-indica_(Sweet_Prickly_Pear).htm,
198,Opuntia_humifusa,0.095283859,Low,2011_2040,N,N,N,N,https://www.wildflower.org/plants/result.php?id_plant=ophu,
199,Opuntia_macrorhiza,0.270283503,Low,2011_2040,N,N,N,N,https://www.minnesotawildflowers.info/flower/plains-prickly-pear,
200,Ornithopus_compressus,0.017144195,Low,2011_2040,N,N,N,N,https://www.nzpcn.org.nz/flora/species/ornithopus-compressus/,
201,Orobanche_crenata,0.002278188,Low,2011_2040,N,N,N,N,https://www.fao.org/agriculture/crops/thematic-sitemap/theme/biodiversity/weeds/listweeds/oro-cre/en/,
202,Orobanche_hederae,0.017172995,Low,2011_2040,N,N,N,N,https://www.cdfa.ca.gov/pdfs/orobanche_hederae_english.pdf,
203,Orontium_aquaticum,0.037418187,Low,2011_2040,N,N,Y,N,https://plants.ifas.ufl.edu/plant-directory/orontium-aquaticum/,
204,Oryza_rufipogon,0.000337534,Low,2011_2040,N,N,Y,Y,https://www.cabidigitallibrary.org/doi/10.1079/cabicompendium.37960,
205,Osmerus_eperlanus,0.125144907,Low,2011_2040,N,N,Y,N,https://fishbase.mnhn.fr/summary/1334,
206,Oxalis_articulata,0.011075795,Low,2011_2040,N,N,N,N,https://www.missouribotanicalgarden.org/PlantFinder/PlantFinderDetails.aspx?taxonid=284829&isprofile=0&bt=8,
207,Oxalis_latifolia,0.004285284,Low,2011_2040,N,N,N,N,https://www.cabidigitallibrary.org/doi/10.1079/cabicompendium.38157,
208,Oxalis_pes-caprae,0.007185564,Low,2011_2040,N,N,N,N,https://www.cal-ipc.org/plants/profile/oxalis-pes-caprae-profile/,
209,Oxalis_triangularis,0.028271627,Low,2011_2040,N,N,N,N,https://plants.ces.ncsu.edu/plants/oxalis-triangularis/,
210,Oxychilus_cellarius,0.2195287,Low,2011_2040,N,N,N,N,https://www.carnegiemnh.org/science/mollusks/va_oxychilus_cellarius.html,
211,Paederia_foetida,0.000210205,Low,2011_2040,N,N,N,UNKNOWN,https://www.cabidigitallibrary.org/doi/10.1079/cabicompendium.38458,
212,Paeonia_mascula,0.004385463,Low,2011_2040,UNKNOWN,N,N,N,https://pfaf.org/user/Plant.aspx?LatinName=Paeonia+mascula,
213,Palaemon_longirostris,3.77E-05,Low,2011_2040,N,N,Y,N,https://www.sealifebase.ca/summary/Palaemon-longirostris.html,
214,Papaver_radicatum,2.759099282,High,2011_2040,N,N,N,N,https://www.wildflower.org/plants/result.php?id_plant=para11,
215,Parapholis_strigosa,0.001251171,Low,2011_2040,N,N,N,N,http://floranorthamerica.org/Parapholis_strigosa,
216,Parietaria_judaica,0.086075635,Low,2011_2040,N,N,N,N,https://gobotany.nativeplanttrust.org/species/parietaria/judaica/,
217,Parietaria_pensylvanica,1.510913596,Medium,2011_2040,N,N,N,N,https://www.minnesotawildflowers.info/flower/pennsylvania-pellitory,
218,Paspalum_conjugatum,0.00011044,Low,2011_2040,N,N,Y,Y,https://www.cabidigitallibrary.org/doi/full/10.1079/cabicompendium.38951,
219,Paspalum_notatum,8.96E-07,Low,2011_2040,N,N,Y,N,https://www.cabidigitallibrary.org/doi/10.1079/cabicompendium.38954,
220,Paspalum_urvillei,5.24E-05,Low,2011_2040,N,N,Y,N,https://www.cabidigitallibrary.org/doi/10.1079/cabicompendium.109621,
221,Paspalum_vaginatum,0.000866683,Low,2011_2040,N,N,Y,N,https://www.cal-ipc.org/plants/profile/paspalum-vaginatum-profile/,
222,Pentaglottis_sempervirens,0.018189091,Low,2011_2040,N,N,N,N,https://linnet.geog.ubc.ca/Atlas/Atlas.aspx?sciname=Pentaglottis%20sempervirens,
223,Pentas_lanceolata,0.004600811,Low,2011_2040,N,N,N,N,https://www.missouribotanicalgarden.org/PlantFinder/PlantFinderDetails.aspx?taxonid=286726,
224,Pericallis_hybrida,0.013346108,Low,2011_2040,N,N,N,N,https://www.missouribotanicalgarden.org/PlantFinder/PlantFinderDetails.aspx?taxonid=263628&isprofile=0&,
225,Petrorhagia_prolifera,0.161809959,Low,2011_2040,N,N,N,N,https://gobotany.nativeplanttrust.org/species/petrorhagia/prolifera/,
226,Phacelia_ciliata,0.003251384,Low,2011_2040,N,N,N,N,https://plants.usda.gov/DocumentLibrary/plantguide/pdf/pg_phci2.pdf,
227,Phedimus_aizoon,1.426058483,Medium,2011_2040,N,Y,N,N,https://www.missouribotanicalgarden.org/PlantFinder/PlantFinderDetails.aspx?taxonid=279384,
228,Philadelphus_pubescens,0.103025736,Low,2011_2040,N,N,N,N,https://gobotany.nativeplanttrust.org/species/philadelphus/pubescens/,
229,Phyllostachys_nigra,0.01222726,Low,2011_2040,N,N,N,N,https://keys.lucidcentral.org/keys/v3/eafrinet/weeds/key/weeds/Media/Html/Phyllostachys_nigra_(Black_Bamboo).htm,NOTE: Potential to indirectly impact riparian
230,Physalis_angulata,0.002388505,Low,2011_2040,N,N,Y,N,https://gobotany.nativeplanttrust.org/species/physalis/angulata/,
231,Physalis_longifolia,0.179552658,Low,2011_2040,N,N,N,N,https://gobotany.nativeplanttrust.org/species/physalis/longifolia/,
232,Picris_pauciflora,0.004261206,Low,2011_2040,N,N,DD,DD,https://www.cabidigitallibrary.org/doi/full/10.1079/cabicompendium.116337,
233,Pimpinella_major,0.167894583,Low,2011_2040,N,Y,N,N,https://www.missouribotanicalgarden.org/PlantFinder/PlantFinderDetails.aspx?taxonid=276002&isprofile=0&,
234,Pimpinella_saxifraga,1.534574006,Medium,2011_2040,N,Y,Y,N,https://gobotany.nativeplanttrust.org/species/pimpinella/saxifraga/,
235,Plantago_patagonica,0.764385011,Low,2011_2040,DD,N,DD,N,https://www.wildflower.org/plants/result.php?id_plant=PLPA2,
236,Poa_angustifolia,2.469628089,High,2011_2040,Y,N,N,N,https://linnet.geog.ubc.ca/Atlas/Atlas.aspx?sciname=Poa%20pratensis%20ssp.%20angustifolia,
237,Poa_supina,1.589923153,Medium,2011_2040,N,N,N,N,https://explorer.natureserve.org/Taxon/ELEMENT_GLOBAL.2.834894/Poa_supina,
238,Polycarpon_tetraphyllum,0.018252272,Low,2011_2040,N,Y,N,N,https://gobotany.nativeplanttrust.org/species/polycarpon/tetraphyllum/,
239,Polygonum_arenarium,0.053132617,Low,2011_2040,N,N,N,N,https://gobotany.nativeplanttrust.org/species/polygonum/arenarium/,
240,Polygonum_bistorta,0.105221416,Low,2011_2040,Y,Y,Y,N,https://www.wildflower.org/plants/result.php?id_plant=POBI5,
241,Polygonum_plebeium,0.000600513,Low,2011_2040,N,N,Y,N,https://www.nzpcn.org.nz/flora/species/polygonum-plebeium/,
242,Potamocorbula_amurensis,0.000889972,Low,2011_2040,N,N,Y,N,https://invasions.si.edu/nemesis/species_summary/81746,
243,Potamothrix_bavaricus,0.000607209,Low,2011_2040,N,N,Y,N,https://www.cabidigitallibrary.org/doi/10.1079/cabicompendium.116497,
244,Potentilla_pensylvanica,2.802190049,High,2011_2040,N,N,N,N,https://www.saskwildflower.ca/nat_Potentilla-pensylvanica.html,
245,Potentilla_supina,1.34618365,Medium,2011_2040,N,N,Y,N,https://www.saskwildflower.ca/nat_Potentilla-supina-ssp-paradoxa.html,
246,Primula_elatior,1.550211908,Medium,2011_2040,N,N,N,N,https://www.missouribotanicalgarden.org/PlantFinder/PlantFinderDetails.aspx?taxonid=285543,
247,Prymnesium_parvum,0.005097292,Low,2011_2040,N,N,Y,N,https://nas.er.usgs.gov/queries/FactSheet.aspx?speciesID=3234,
248,Pseudopolydora_paucibranchiata,0.006592656,Low,2011_2040,N,N,N,N,https://invasions.si.edu/nemesis/species_summary/66933,NOTE: Is aquatic but purely marine
249,Psidium_cattleianum,5.05E-07,Low,2011_2040,N,N,N,Y,https://wiki.bugwood.org/Psidium_cattleianum,
250,Psidium_guajava,0.003778304,Low,2011_2040,N,N,N,N,https://www.britannica.com/plant/common-guava,
251,Puccinellia_hauptiana,2.532196015,High,2011_2040,N,Y,N,N,http://floranorthamerica.org/Puccinellia_distans,NOTE: No iNat Reports but ref. does include distribution data for NS
252,Puccinellia_nuttalliana,3.505355112,High,2011_2040,N,N,Y,N,https://gobotany.nativeplanttrust.org/species/puccinellia/nuttalliana/,
253,Pulsatilla_vulgaris,0.04271803,Low,2011_2040,N,Y,N,N,https://www.missouribotanicalgarden.org/PlantFinder/PlantFinderDetails.aspx?taxonid=286257,
254,Ranunculus_gramineus,0.032807911,Low,2011_2040,N,N,N,N,https://hort.extension.wisc.edu/articles/ranunculus-gramineus/,
255,Raphanus_sativus,0.516919298,Low,2011_2040,N,Y,Y,N,https://gobotany.nativeplanttrust.org/species/raphanus/sativus/,
256,Reseda_alba,0.017344608,Low,2011_2040,N,N,N,N,https://gobotany.nativeplanttrust.org/species/reseda/alba/,
257,Reseda_luteola,0.074197787,Low,2011_2040,N,N,N,N,https://gobotany.nativeplanttrust.org/species/reseda/luteola/,
258,Retama_monosperma,5.69E-05,Low,2011_2040,N,N,N,Y,https://bie.ala.org.au/species/NZOR-6-94641,
259,Rhodeus_ocellatus,1.03E-05,Low,2011_2040,N,N,Y,Y,https://www.fishbase.se/summary/Rhodeus-ocellatus,
260,Ricinus_communis,0.039567362,Low,2011_2040,N,Y,N,N,https://gobotany.nativeplanttrust.org/species/ricinus/communis/,
261,Rosa_arvensis,0.051847291,Low,2011_2040,N,N,N,N,https://www.rhs.org.uk/plants/55836/rosa-arvensis/details,
262,Rosa_micrantha,0.0768537,Low,2011_2040,N,N,Y,N,https://gobotany.nativeplanttrust.org/species/rosa/micrantha/,
263,Rosa_setigera,0.084229039,Low,2011_2040,N,N,N,N,https://www.ontario.ca/page/climbing-prairie-rose,
264,Rubus_fruticosus,0.05573653,Low,2011_2040,N,Y,Y,N,https://www.nzpcn.org.nz/flora/species/rubus-fruticosus-agg/,
265,Rudbeckia_triloba,0.113830738,Low,2011_2040,N,Y,Y,N,https://www.wildflower.org/plants/result.php?id_plant=rutr2,
266,Rumex_brownii,0.000100866,Low,2011_2040,UNKNOWN,N,N,Y,https://plantnet.rbgsyd.nsw.gov.au/cgi-bin/NSWfl.pl?page=nswfl&lvl=sp&name=Rumex~brownii,
267,Rumex_bucephalophorus,0.002232504,Low,2011_2040,N,Y,N,N,https://inspection.canada.ca/plant-health/seeds/seed-testing-and-grading/seeds-identification/rumex-spp-/eng/1477314536198/1477314536515?wbdisable=true,NOTE: No iNat Reports but ref. does include distribution data for NS
268,Rumex_confertus,0.455476186,Low,2011_2040,N,N,N,N,https://www.aphis.usda.gov/plant_health/plant_pest_info/weeds/downloads/wra/Rumex-confertusWRA.pdf,Note: Could impact riparian
269,Rumex_crispus,2.018098167,High,2011_2040,UNKNOWN,Y,Y,N,https://gobotany.nativeplanttrust.org/species/rumex/crispus/,
270,Rumex_cristatus,0.001910858,Low,2011_2040,N,N,N,N,http://floranorthamerica.org/Rumex_cristatus,
271,Sagina_saginoides,2.096576285,High,2011_2040,N,N,Y,N,https://www.wildflower.org/plants/result.php?id_plant=SASA,
272,Sagittaria_platyphylla,0.01253734,Low,2011_2040,N,N,Y,N,https://www.wildflower.org/plants/result.php?id_plant=sapl,
273,Salpichroa_origanifolia,0.005142722,Low,2011_2040,N,N,N,N,https://www.cal-ipc.org/plants/profile/salpichroa-origanifolia-profile/,
274,Salsola_soda,0.000201124,Low,2011_2040,N,N,Y,N,https://www.cal-ipc.org/plants/profile/salsola-soda-profile/,NOTE: Esturine species
275,Salvia_verticillata,0.379787557,Low,2011_2040,N,N,N,N,https://www.missouribotanicalgarden.org/PlantFinder/PlantFinderDetails.aspx?taxonid=281428,
276,Salvia_viridis,0.066242053,Low,2011_2040,N,N,N,N,http://www.gardening.cornell.edu/homegardening/scene81de.html,
277,Salvinia_auriculata,8.09E-05,Low,2011_2040,N,N,Y,N,https://www.cabidigitallibrary.org/doi/10.1079/cabicompendium.48444,
278,Santolina_rosmarinifolia,0.006594471,Low,2011_2040,N,N,N,N,https://mymediterraneangarden.com/plants/santolina-rosmarinifolia/,
279,Sarracenia_flava,0.002654793,Low,2011_2040,N,N,N,N,https://www.missouribotanicalgarden.org/PlantFinder/PlantFinderDetails.aspx?taxonid=286843,Note: Bog species
280,Satureja_montana,0.052257441,Low,2011_2040,N,Y,N,N,https://www.missouribotanicalgarden.org/PlantFinder/PlantFinderDetails.aspx?taxonid=281431,
281,Saxifraga_hirsuta,0.00925451,Low,2011_2040,N,N,N,N,"https://www.wildflowersofireland.net/plant_detail.php?id_flower=230&wildflower=Saxifrage,%20Kidney",
282,Saxifraga_rosacea,0.026631803,Low,2011_2040,N,N,N,N,https://www.alpinegardensociety.net/plants/mossy-saxifrages/,
283,Saxifraga_sibthorpii,0.000382773,Low,2011_2040,N,N,DD,DD,https://eunis.eea.europa.eu/species/181599,
284,Saxifraga_umbrosa,0.087489269,Low,2011_2040,N,N,N,N,https://www.rhs.org.uk/plants/16759/saxifraga-umbrosa-(11)/details,
285,Scabiosa_ochroleuca,1.256530042,Medium,2011_2040,N,N,N,N,https://gobotany.nativeplanttrust.org/species/scabiosa/ochroleuca/,
286,Schismus_barbatus,0.000214277,Low,2011_2040,N,N,N,N,https://www.cal-ipc.org/plants/profile/schismus-barbatus-profile/,
287,Schkuhria_pinnata,1.67E-05,Low,2011_2040,N,N,N,Y,https://gobotany.nativeplanttrust.org/species/schkuhria/pinnata/,
288,Schoenoplectus_litoralis,0.002126452,Low,2011_2040,N,N,DD,N,http://www.flora.sa.gov.au/cgi-bin/speciesfacts_display.cgi?genus=Schoenoplectus&species=litoralis,
289,Schoenus_ferrugineus,0.32185974,Low,2011_2040,N,N,N,N,https://inpn.mnhn.fr/espece/cd_nom/121570?lg=en,Note: Bog species
290,Scleranthus_perennis,0.312646207,Low,2011_2040,N,N,N,N,https://gobotany.nativeplanttrust.org/species/scleranthus/perennis/,
291,Scolymus_hispanicus,0.002118451,Low,2011_2040,N,N,N,N,https://www.cal-ipc.org/plants/profile/scolymus-hispanicus-profile/,
292,Scopolia_carniolica,0.055562728,Low,2011_2040,N,N,N,N,https://eol.org/pages/485031,
293,Scorpiurus_muricatus,0.003470432,Low,2011_2040,N,N,N,N,https://gobotany.nativeplanttrust.org/species/scorpiurus/muricatus/,
294,Scutellaria_minor,0.026800938,Low,2011_2040,N,N,N,N,https://www.naturespot.org.uk/species/lesser-skullcap,
295,Secale_montanum,0.012191358,Low,2011_2040,N,N,DD,N,https://explorer.natureserve.org/Taxon/ELEMENT_GLOBAL.2.135395/Secale_montanum,
296,Sedum_album,0.308876302,Low,2011_2040,UNKNOWN,Y,N,N,https://plants.ces.ncsu.edu/plants/sedum-album/,
297,Senecio_squalidus,0.026908313,Low,2011_2040,N,N,DD,N,https://herbaria.plants.ox.ac.uk/bol/plants400/profiles/ST/Seneciosqualidus,
298,Senecio_sylvaticus,0.175373314,Low,2011_2040,N,Y,N,N,https://linnet.geog.ubc.ca/Atlas/Atlas.aspx?sciname=Senecio%20sylvaticus&NoTransfer=1,
299,Sesbania_herbacea,0.003982645,Low,2011_2040,N,N,Y,N,https://www.wildflower.org/plants/result.php?id_plant=sehe8,
300,Seseli_libanotis,1.277106423,Medium,2011_2040,N,N,Y,N,https://luontoportti.com/en/t/2335/moon-carrot,
301,Sesleria_caerulea,0.13656085,Low,2011_2040,N,N,N,N,https://www.missouribotanicalgarden.org/PlantFinder/PlantFinderDetails.aspx?taxonid=285346,
302,Sidalcea_malviflora,0.045708134,Low,2011_2040,N,N,Y,N,https://www.wildflower.org/plants/result.php?id_plant=SIMA2,
303,Silene_antirrhina,1.265900774,Medium,2011_2040,N,N,N,N,https://www.wildflower.org/plants/result.php?id_plant=SIAN2,
304,Silene_pendula,0.027343607,Low,2011_2040,N,N,N,N,https://gobotany.nativeplanttrust.org/species/silene/pendula/,
305,Silene_sibirica,0.167469203,Low,2011_2040,N,N,N,N,http://www.efloras.org/florataxon.aspx?flora_id=1&taxon_id=250060891,
306,Sinapis_arvensis,1.766543174,Medium,2011_2040,N,Y,N,N,https://www.cal-ipc.org/plants/profile/sinapis-arvensis-profile/,
307,Sisymbrium_irio,0.270498466,Low,2011_2040,DD,N,N,N,https://www.cal-ipc.org/plants/profile/sisymbrium-irio-profile/,
308,Smelowskia_calycina,1.010438569,Medium,2011_2040,N,N,N,N,https://www.wildflower.org/plants/result.php?id_plant=SMCA,
309,Solanum_alatum,0.04691374,Low,2011_2040,N,Y,DD,N,http://www.efloras.org/florataxon.aspx?flora_id=100&taxon_id=130618,
310,Solanum_chenopodioides,0.021035233,Low,2011_2040,N,N,Y,N,https://www.nzpcn.org.nz/flora/species/solanum-chenopodioides/,
311,Solanum_nigrum,1.112371392,Medium,2011_2040,N,Y,Y,N,https://plants.ces.ncsu.edu/plants/solanum-nigrum/,
312,Solanum_tuberosum,0.279748599,Low,2011_2040,N,Y,N,N,https://inspection.canada.ca/plant-varieties/plants-with-novel-traits/applicants/directive-94-08/biology-documents/solanum-tuberosum-l-/eng/1330982063974/1330982145930,
313,Solanum_viarum,0.000168358,Low,2011_2040,UNKNOWN,N,N,N,https://www.invasive.org/browse/subinfo.cfm?sub=2446,
314,Spergula_morisonii,0.088398555,Low,2011_2040,N,N,N,N,https://gobotany.nativeplanttrust.org/species/spergula/morisonii/,
315,Sphaeralcea_miniata,8.15E-05,Low,2011_2040,DD,N,DD,DD,,
316,Sphaerophysa_salsula,0.314407707,Low,2011_2040,N,N,N,N,https://www.cal-ipc.org/plants/profile/sphaerophysa-salsula-profile/,
317,Stachys_byzantina,0.095848355,Low,2011_2040,N,Y,N,N,https://www.missouribotanicalgarden.org/PlantFinder/PlantFinderDetails.aspx?taxonid=281603,
318,Stachys_cretica,0.012178435,Low,2011_2040,N,N,N,N,https://eol.org/pages/578458,
319,Stachys_officinalis,0.022841158,Low,2011_2040,N,Y,N,N,https://www.missouribotanicalgarden.org/PlantFinder/PlantFinderDetails.aspx?taxonid=281471&isprofile=0&,
320,Stachytarpheta_jamaicensis,0.00295553,Low,2011_2040,N,N,N,N,https://www.nparks.gov.sg/florafaunaweb/flora/2/4/2475,
321,Stenotaphrum_secundatum,0.000939615,Low,2011_2040,N,N,Y,N,https://plants.ces.ncsu.edu/plants/stenotaphrum-secundatum/,
322,Tagetes_erecta,0.162087643,Low,2011_2040,N,N,N,N,https://plants.ces.ncsu.edu/plants/tagetes-erecta/,
323,Tagetes_minuta,0.007824931,Low,2011_2040,N,N,N,N,https://www.cabidigitallibrary.org/doi/10.1079/cabicompendium.52642,Note: Could impact riparian
324,Tagetes_tenuifolia,0.047153282,Low,2011_2040,DD,N,N,N,https://plants.ces.ncsu.edu/plants/tagetes-tenuifolia/,
325,Talipariti_tiliaceum,0.000143958,Low,2011_2040,N,N,N,N,https://www.cabidigitallibrary.org/doi/10.1079/cabicompendium.27132,
326,Tanacetum_balsamita,0.087167983,Low,2011_2040,N,N,N,N,https://plants.ces.ncsu.edu/plants/tanacetum-balsamita/,
327,Taraxacum_laevigatum,0.099381157,Low,2011_2040,N,Y,N,N,https://gobotany.nativeplanttrust.org/species/taraxacum/laevigatum/,
328,Tetragonia_tetragonioides,0.002757419,Low,2011_2040,N,N,N,N,https://gobotany.nativeplanttrust.org/species/tetragonia/tetragonioides/,Note: Could impact riparian
329,Thalictrum_minus,2.174582875,High,2011_2040,DD,N,DD,N,https://www.missouribotanicalgarden.org/PlantFinder/PlantFinderDetails.aspx?taxonid=253984&isprofile=0&,
330,Theora_lubrica,4.63E-05,Low,2011_2040,N,N,Y,N,https://invasions.si.edu/nemesis/species_summary/81322,NOTE: Esturine species
331,Thymelaea_passerina,0.089740721,Low,2011_2040,N,N,N,N,https://www.invasive.org/browse/subinfo.cfm?sub=12274,
332,Thymus_pulegioides,1.016550939,Medium,2011_2040,Y,Y,N,N,https://gobotany.nativeplanttrust.org/species/thymus/pulegioides/,
333,Thymus_serpyllum,0.699308819,Low,2011_2040,N,N,N,N,https://www.missouribotanicalgarden.org/PlantFinder/PlantFinderDetails.aspx?kempercode=a294,
334,Tithonia_diversifolia,0.001590107,Low,2011_2040,N,N,N,N,https://tropical.theferns.info/viewtropical.php?id=Tithonia+diversifolia,
335,Tolpis_barbata,0.002179962,Low,2011_2040,N,N,N,N,https://plantnet.rbgsyd.nsw.gov.au/cgi-bin/NSWfl.pl?page=nswfl&lvl=sp&name=Tolpis~barbata,
336,Tordylium_apulum,0.003682647,Low,2011_2040,N,N,N,N,https://eol.org/pages/485022,
337,Torilis_japonica,0.302123162,Low,2011_2040,N,N,N,N,https://www.ontarioinvasiveplants.ca/wp-content/uploads/2022/05/OIPC_BMP_Erect-Hedge-Parsley_April122022_D3_WEB.pdf,
338,Trachelospermum_jasminoides,0.000833534,Low,2011_2040,N,N,N,N,https://www.missouribotanicalgarden.org/PlantFinder/PlantFinderDetails.aspx?kempercode=a155,
339,Tradescantia_ohiensis,0.09671717,Low,2011_2040,N,Y,N,N,https://www.wildflower.org/plants/result.php?id_plant=TROH,
340,Trifolium_diffusum,0.010538443,Low,2011_2040,N,N,N,N,https://eol.org/pages/704111,
341,Trifolium_lappaceum,0.001014929,Low,2011_2040,N,N,N,N,https://powo.science.kew.org/taxon/urn:lsid:ipni.org:names:523284-1/images,
342,Trifolium_ligusticum,0.000403291,Low,2011_2040,DD,N,DD,DD,,
343,Trifolium_medium,0.705027486,Low,2011_2040,N,Y,N,N,https://gobotany.nativeplanttrust.org/species/trifolium/medium/,
344,Trifolium_montanum,0.856807016,Low,2011_2040,N,N,N,N,https://eol.org/pages/703418,
345,Trifolium_mutabile,8.70E-05,Low,2011_2040,N,N,DD,Y,https://www.cabidigitallibrary.org/doi/10.1079/cabicompendium.117620,
346,Trifolium_strictum,0.023315324,Low,2011_2040,N,N,N,N,https://gobotany.nativeplanttrust.org/species/trifolium/striatum/,
347,Tropaeolum_majus,0.103174621,Low,2011_2040,N,Y,N,N,https://hort.extension.wisc.edu/articles/nasturtium-tropaeolum-majus/,
348,Tulipa_sylvestris,0.238979776,Low,2011_2040,N,N,N,N,https://gobotany.nativeplanttrust.org/species/tulipa/sylvestris/,
349,Typha_domingensis,0.049347994,Low,2011_2040,N,N,Y,N,https://www.wildflower.org/plants/result.php?id_plant=TYDO,
350,Urena_lobata,0.081053094,Low,2011_2040,N,N,N,N,https://plants.ifas.ufl.edu/plant-directory/urena-lobata/,
351,Urochloa_distachya,8.59E-05,Low,2011_2040,N,N,N,N,https://www.cabidigitallibrary.org/doi/full/10.1079/cabicompendium.9664,
352,Urospermum_picroides,0.002852119,Low,2011_2040,N,N,N,N,https://plantnet.rbgsyd.nsw.gov.au/cgi-bin/NSWfl.pl?page=nswfl&lvl=sp&name=Urospermum~picroides,
353,Urtica_chamaedryoides,0.000585435,Low,2011_2040,N,N,Y,N,https://www.wildflower.org/plants/result.php?id_plant=urch3,
354,Vachellia_macracantha,0.00295553,Low,2011_2040,N,N,N,N,https://tropical.theferns.info/viewtropical.php?id=Vachellia+macracantha,
355,Vallisneria_spiralis,0.030958992,Low,2011_2040,N,N,Y,N,https://www.cabidigitallibrary.org/doi/10.1079/cabicompendium.56573,
356,Verbascum_chaixii,0.085285549,Low,2011_2040,N,N,N,N,https://www.missouribotanicalgarden.org/PlantFinder/PlantFinderDetails.aspx?taxonid=287008&isprofile=0&cv,
357,Verbascum_nigrum,0.713962229,Low,2011_2040,N,Y,N,N,https://ontariowildflowers.com/main/species.php?id=89,
358,Verbascum_sinuatum,0.001550445,Low,2011_2040,N,N,DD,N,https://explorer.natureserve.org/Taxon/ELEMENT_GLOBAL.2.147269/Verbascum_sinuatum,
359,Verbascum_speciosum,0.026820685,Low,2011_2040,DD,N,N,N,https://identify.plantnet.org/k-world-flora/species/Verbascum%20speciosum%20Schrad./data,
360,Verbascum_virgatum,0.021889146,Low,2011_2040,N,N,DD,N,https://keyserver.lucidcentral.org/weeds/data/media/Html/verbascum_virgatum.htm,
361,Verbena_bonariensis,0.076472898,Low,2011_2040,N,Y,N,N,https://hort.extension.wisc.edu/articles/verbena-bonariensis/,
362,Verbena_urticifolia,0.65164666,Low,2011_2040,N,N,Y,N,https://www.wildflower.org/plants/result.php?id_plant=VEUR,
363,Verbesina_alternifolia,0.050434193,Low,2011_2040,N,N,Y,N,https://www.wildflower.org/plants/result.php?id_plant=VEAL,
364,Verbesina_occidentalis,0.010130779,Low,2011_2040,N,N,Y,N,https://www.wildflower.org/plants/result.php?id_plant=VEOC,
365,Veronica_biloba,0.645722399,Low,2011_2040,N,N,DD,N,https://explorer.natureserve.org/Taxon/ELEMENT_GLOBAL.2.153434/Veronica_biloba,
366,Veronica_cymbalaria,0.012755608,Low,2011_2040,N,N,N,N,https://eol.org/pages/4354,
367,Veronica_fruticans,0.220112075,Low,2011_2040,N,N,N,N,http://encyclopaedia.alpinegardensociety.net/plants/Veronica/fruticans,
368,Veronica_verna,0.969791562,Low,2011_2040,N,Y,N,N,https://www.minnesotawildflowers.info/flower/spring-speedwell,
369,Vicia_disperma,0.012669869,Low,2011_2040,N,N,N,N,https://ucjeps.berkeley.edu/eflora/eflora_display.php?tid=48066,
370,Vicia_sylvatica,1.348152918,Medium,2011_2040,N,N,N,N,https://www.habitas.org.uk/flora/species.asp?item=3289,
371,Vicia_tenuifolia,1.140953423,Medium,2011_2040,N,N,N,N,https://pfaf.org/user/Plant.aspx?LatinName=Vicia+tenuifolia,
372,Vinca_major,0.114097716,Low,2011_2040,N,Y,N,N,https://www.missouribotanicalgarden.org/PlantFinder/PlantFinderDetails.aspx?taxonid=276113,
373,Viola_canadensis,1.818722738,Medium,2011_2040,N,Y,Y,N,https://www.wildflower.org/plants/result.php?id_plant=vica4,NOTE: No iNat Reports but ref. does include distribution data for NS
374,Vitis_cinerea,0.015414006,Low,2011_2040,N,N,Y,N,https://www.wildflower.org/plants/result.php?id_plant=VICIH,
375,Wolffia_arrhiza,0.124491567,Low,2011_2040,N,N,Y,N,https://www.wildflower.org/plants/result.php?id_plant=WOAR2,
376,Xanthium_spinosum,0.162410613,Low,2011_2040,N,N,Y,N,https://wiki.bugwood.org/Xanthium_spinosum,
377,Xiphophorus_hellerii,0.127931326,Low,2011_2040,N,N,Y,N,https://www.fishbase.se/summary/Xiphophorus-hellerii,
378,Xiphophorus_maculatus,0.066740272,Low,2011_2040,N,N,Y,N,https://www.fishbase.se/summary/Xiphophorus-maculatus,
