,species,avg_score,clim_match,batch
1,Abbottina_rivularis,0.035166809,Low,2011_2040
2,Abelmoschus_esculentus,0.015880156,Low,2011_2040
473,Abramis_brama,1.154404933,Medium,1981_2010
3,Abutilon_indicum,0.002801078,Low,2011_2040
4,Achillea_pannonica,0.036228144,Low,2011_2040
5,Achyranthes_aspera,2.30E-05,Low,2011_2040
6,Aconitum_lycoctonum,0.945816484,Low,2011_2040
7,Aeschynomene_indica,0.000596231,Low,2011_2040
474,Alburnoides_bipunctatus,1.271832038,Medium,1981_2010
541,Alburnus_alburnus,0.932957659,Low,1981_2010
8,Alburnus_alburnus,0.241353196,Low,2011_2040
9,Alchemilla_glaucescens,0.209553045,Low,2011_2040
10,Alpinia_zerumbet,0.00295553,Low,2011_2040
11,Alternanthera_sessilis,0.018321505,Low,2011_2040
12,Alyssum_simplex,0.596313756,Low,2011_2040
13,Amaranthus_blitum,0.333672757,Low,2011_2040
14,Amaranthus_hybridus,0.306108507,Low,2011_2040
15,Amaranthus_viridis,0.027977421,Low,2011_2040
475,Ambloplites_rupestris,1.071219318,Medium,1981_2010
476,Ameiurus_catus,1.202732693,Medium,1981_2010
542,Ameiurus_melas,2.783747639,High,1981_2010
16,Ameiurus_melas,1.011551888,Medium,2011_2040
477,Ameiurus_natalis,0.905788659,Low,1981_2010
478,Amia_calva,1.438098391,Medium,1981_2010
17,Amsonia_tabernaemontana,0.014854304,Low,2011_2040
18,Andropogon_glomeratus,0.017073119,Low,2011_2040
19,Andropogon_virginicus,0.105289626,Low,2011_2040
20,Apera_interrupta,0.220704206,Low,2011_2040
21,Arctotheca_calendula,0.002166491,Low,2011_2040
22,Areca_catechu,0.006156291,Low,2011_2040
23,Artocarpus_heterophyllus,0.000133214,Low,2011_2040
24,Asclepias_curassavica,0.005491145,Low,2011_2040
25,Aster_dumosus,0.033217431,Low,2011_2040
26,Aster_versicolor,0.000199998,Low,2011_2040
27,Astragalus_galegiformis,0.063655084,Low,2011_2040
28,Astronotus_ocellatus,0.038791312,Low,2011_2040
543,Atriplex_hortensis,0.843566712,Low,1981_2010
29,Atriplex_hortensis,0.337225648,Low,2011_2040
30,Bacopa_monnieri,0.000236536,Low,2011_2040
479,Barbatula_barbatula,2.06122433,High,1981_2010
31,Bassia_prostrata,0.829460283,Low,2011_2040
32,Bidens_ferulifolia,0.00054218,Low,2011_2040
33,Bidens_pilosa,0.162969858,Low,2011_2040
34,Bifora_testiculata,0.00010448,Low,2011_2040
480,Bithynia_tentaculata,1.965936747,Medium,1981_2010
35,Boltonia_asteroides,0.273460365,Low,2011_2040
36,Brachypodium_sylvaticum,0.891349163,Low,2011_2040
37,Brassica_tournefortii,0.001040363,Low,2011_2040
38,Bromus_diandrus,0.027268425,Low,2011_2040
39,Bromus_japonicus,1.265047096,Medium,2011_2040
40,Bromus_kalmii,0.937710215,Low,2011_2040
41,Bromus_squarrosus,0.798534957,Low,2011_2040
42,Bunium_bulbocastanum,0.049927776,Low,2011_2040
544,Bythotrephes_longimanus,1.178980567,Medium,1981_2010
43,Bythotrephes_longimanus,1.349773428,Medium,2011_2040
545,Cabomba_caroliniana,1.402362083,Medium,1981_2010
44,Cabomba_caroliniana,0.183558382,Low,2011_2040
45,Calotropis_gigantea,0.001588717,Low,2011_2040
46,Caltha_leptosepala,1.099148039,Medium,2011_2040
47,Canna_indica,0.014538232,Low,2011_2040
48,Capsicum_annuum,0.110514038,Low,2011_2040
481,Carassius_carassius,0.855953795,Low,1981_2010
482,Carassius_gibelio,1.029553807,Medium,1981_2010
49,Cardamine_parviflora,1.184140924,Medium,2011_2040
50,Cardiospermum_halicacabum,0.001284378,Low,2011_2040
51,Carex_kobomugi,0.0006128,Low,2011_2040
52,Carlina_vulgaris,0.128720187,Low,2011_2040
53,Carpobrotus_edulis,0.000126038,Low,2011_2040
546,Castor_canadensis,3.060042662,High,1981_2010
54,Castor_canadensis,1.339000091,Medium,2011_2040
55,Catharanthus_roseus,0.006668349,Low,2011_2040
56,Caucalis_platycarpos,0.114152361,Low,2011_2040
57,Centella_asiatica,0.001000741,Low,2011_2040
58,Ceratopteris_thalictroides,1.43E-06,Low,2011_2040
483,Cercopagis_pengoi,1.761190439,Medium,1981_2010
484,Channa_argus,1.196721271,Medium,1981_2010
59,Channa_marulius,0.004632045,Low,2011_2040
60,Cherax_cainii,2.77E-06,Low,2011_2040
61,Cherax_destructor,0.000379111,Low,2011_2040
62,Cichorium_endivia,0.042253612,Low,2011_2040
63,Cirsium_ochrocentrum,0.272102716,Low,2011_2040
64,Citrus_aurantiifolia,0.00095858,Low,2011_2040
65,Clupeonella_cultriventris,0.161639439,Low,2011_2040
66,Coix_lacryma-jobi,0.005943983,Low,2011_2040
547,Corbicula_fluminalis,0.991472961,Low,1981_2010
67,Corbicula_fluminalis,0.001944589,Low,2011_2040
485,Corbicula_fluminea,1.066631223,Medium,1981_2010
68,Coregonus_albula,0.128987424,Low,2011_2040
69,Corymbia_citriodora,6.77E-05,Low,2011_2040
70,Cotoneaster_moupinensis,0.027604469,Low,2011_2040
548,Crassula_helmsii,1.650777919,Medium,1981_2010
71,Crassula_helmsii,0.006452276,Low,2011_2040
549,Ctenopharyngodon_idella,0.901312718,Low,1981_2010
72,Ctenopharyngodon_idella,0.506117406,Low,2011_2040
73,Cucumis_anguria,0.002801078,Low,2011_2040
74,Cuscuta_approximata,0.105883016,Low,2011_2040
75,Cuscuta_reflexa,1.10E-05,Low,2011_2040
76,Cyclachaena_xanthiifolia,0.83613115,Low,2011_2040
77,Cyclanthera_pedata,0.000225131,Low,2011_2040
78,Cymbopogon_citratus,0.000908438,Low,2011_2040
79,Cynodon_dactylon,0.178600251,Low,2011_2040
80,Cynosurus_echinatus,0.066067669,Low,2011_2040
81,Cyperus_difformis,0.021589813,Low,2011_2040
550,Cyperus_iria,0.458652105,Low,1981_2010
82,Cyperus_iria,0.043765931,Low,2011_2040
551,Cyperus_microiria,0.751586849,Low,1981_2010
83,Cyperus_microiria,0.022756961,Low,2011_2040
84,Cyperus_papyrus,0.000356265,Low,2011_2040
552,Cyperus_strigosus,0.957906026,Low,1981_2010
85,Cyperus_strigosus,0.479467981,Low,2011_2040
553,Cyprinus_carpio,1.56136642,Medium,1981_2010
86,Cyprinus_carpio,1.28832127,Medium,2011_2040
554,Daphnia_ambigua,1.631729347,Medium,1981_2010
87,Daphnia_ambigua,0.067566243,Low,2011_2040
88,Daphnia_lumholtzi,0.077200304,Low,2011_2040
89,Datura_metel,0.009757202,Low,2011_2040
90,Dendrobaena_hortensis,0.024881837,Low,2011_2040
555,Digitalis_grandiflora,0.281760522,Low,1981_2010
91,Digitalis_grandiflora,0.781400492,Low,2011_2040
92,Digitaria_debilis,7.22E-05,Low,2011_2040
486,Dikerogammarus_villosus,0.687348694,Low,1981_2010
93,Dioscorea_bulbifera,4.18E-05,Low,2011_2040
487,Dorosoma_cepedianum,0.965025023,Low,1981_2010
488,Dreissena_polymorpha,1.685591625,Medium,1981_2010
94,Echinochloa_crus-pavonis,0.000260497,Low,2011_2040
95,Echinops_bannaticus,0.026504491,Low,2011_2040
96,Echinops_sphaerocephalus,0.70645823,Low,2011_2040
556,Elodea_nuttallii,1.434527772,Medium,1981_2010
97,Elodea_nuttallii,1.18899138,Medium,2011_2040
557,Equisetum_palustre,2.091527205,High,1981_2010
98,Equisetum_palustre,4.528630609,High,2011_2040
99,Eragrostis_curvula,0.105460594,Low,2011_2040
489,Erimyzon_sucetta,0.313284922,Low,1981_2010
558,Eriocheir_sinensis,0.215043857,Low,1981_2010
100,Eriocheir_sinensis,0.184859122,Low,2011_2040
490,Esox_lucius,1.772532089,Medium,1981_2010
491,Esox_masquinongy,0.993167331,Low,1981_2010
101,Euphorbia_glyptosperma,1.210863383,Medium,2011_2040
102,Euphorbia_lagascae,0.000350192,Low,2011_2040
103,Euphorbia_leptocaula,0.004555784,Low,2011_2040
104,Euphorbia_rigida,0.002012555,Low,2011_2040
105,Euphorbia_sareptana,0.012442486,Low,2011_2040
106,Exochorda_racemosa,0.045026087,Low,2011_2040
107,Fatoua_villosa,0.042623088,Low,2011_2040
559,Faxonius_limosus,2.532241942,High,1981_2010
108,Faxonius_limosus,0.11624486,Low,2011_2040
560,Faxonius_rusticus,1.493289631,Medium,1981_2010
109,Faxonius_rusticus,1.188610795,Medium,2011_2040
561,Faxonius_virilis,1.559549198,Medium,1981_2010
110,Faxonius_virilis,1.058531569,Medium,2011_2040
111,Ficus_carica,0.050311358,Low,2011_2040
112,Filago_arvensis,0.906446573,Low,2011_2040
562,Filipendula_rubra,2.717282259,High,1981_2010
113,Filipendula_rubra,0.256908746,Low,2011_2040
114,Filipendula_ulmaria,2.105487484,High,2011_2040
563,Filipendula_vulgaris,0.936291973,Low,1981_2010
115,Filipendula_vulgaris,1.295234847,Medium,2011_2040
116,Galega_officinalis,0.160911905,Low,2011_2040
117,Galeopsis_speciosa,1.068407011,Medium,2011_2040
118,Galium_album,0.643268539,Low,2011_2040
119,Galium_saxatile,0.140440701,Low,2011_2040
564,Galium_uliginosum,2.114411128,High,1981_2010
120,Galium_uliginosum,2.342428162,High,2011_2040
492,Gambusia_affinis,0.469653899,Low,1981_2010
121,Gambusia_holbrooki,0.007937344,Low,2011_2040
565,Gammarus_tigrinus,2.11939895,High,1981_2010
122,Gammarus_tigrinus,0.167703337,Low,2011_2040
123,Gamochaeta_pensylvanica,0.098471689,Low,2011_2040
124,Gamochaeta_purpurea,0.042552422,Low,2011_2040
125,Gardenia_jasminoides,0.000133214,Low,2011_2040
126,Gastridium_ventricosum,0.002010051,Low,2011_2040
127,Geranium_lucidum,0.088093763,Low,2011_2040
128,Geranium_nepalense,0.121899197,Low,2011_2040
129,Geranium_pratense,2.13262569,High,2011_2040
566,Geranium_sylvaticum,2.624707756,High,1981_2010
130,Geranium_sylvaticum,2.080107463,High,2011_2040
131,Geranium_thunbergii,0.026978058,Low,2011_2040
132,Geranium_versicolor,0.001460073,Low,2011_2040
567,Geum_aleppicum,3.133634217,High,1981_2010
133,Geum_aleppicum,2.736855586,High,2011_2040
568,Glossostigma_cleistanthum,0.954345363,Low,1981_2010
134,Glossostigma_cleistanthum,0.013119895,Low,2011_2040
569,Glyceria_declinata,2.384916405,High,1981_2010
135,Glyceria_declinata,0.103262368,Low,2011_2040
570,Glyceria_maxima,2.103398836,High,1981_2010
136,Glyceria_maxima,0.803268625,Low,2011_2040
137,Gomphrena_globosa,0.010397225,Low,2011_2040
571,Goodyera_repens,1.626040169,Medium,1981_2010
138,Goodyera_repens,2.920690361,High,2011_2040
572,Gratiola_officinalis,0.867796738,Low,1981_2010
139,Gratiola_officinalis,0.053265951,Low,2011_2040
493,Gymnocephalus_cernua,1.379092612,Medium,1981_2010
140,Gypsophila_paniculata,0.950224784,Low,2011_2040
141,Hedera_colchica,0.025120872,Low,2011_2040
142,Hedychium_coronarium,0.081065265,Low,2011_2040
143,Hedypnois_cretica,0.002860087,Low,2011_2040
144,Helianthus_annuus,1.314452991,Medium,2011_2040
145,Helianthus_laetiflorus,0.164220652,Low,2011_2040
146,Heliotropium_curassavicum,0.573724419,Low,2011_2040
147,Heliotropium_indicum,0.001160186,Low,2011_2040
148,Hemibarbus_maculatus,0.040463256,Low,2011_2040
149,Hemiculter_leucisculus,0.030220469,Low,2011_2040
573,Hemimysis_anomala,1.315473406,Medium,1981_2010
150,Hemimysis_anomala,0.158615376,Low,2011_2040
151,Heteranthera_rotundifolia,0.001511406,Low,2011_2040
152,Heteropogon_contortus,0.000175131,Low,2011_2040
153,Heuchera_americana,0.05222085,Low,2011_2040
154,Hibiscus_trionum,0.423505448,Low,2011_2040
155,Hieracium_floribundum,0.005806141,Low,2011_2040
156,Hieracium_piloselloides,0.410770781,Low,2011_2040
157,Holcus_mollis,0.281638345,Low,2011_2040
158,Holosteum_umbellatum,0.346841692,Low,2011_2040
159,Hosta_lancifolia,0.048509468,Low,2011_2040
160,Hovenia_dulcis,0.082649746,Low,2011_2040
161,Howea_belmoreana,0.007746843,Low,2011_2040
494,Hydrilla_verticillata,1.453479406,Medium,1981_2010
495,Hydrocharis_morsus-ranae,2.26413104,High,1981_2010
162,Hyparrhenia_hirta,0.014992759,Low,2011_2040
163,Hypericum_androsaemum,0.052259018,Low,2011_2040
164,Hypericum_gymnanthum,0.001314097,Low,2011_2040
165,Iberis_umbellata,0.091250176,Low,2011_2040
574,Ictalurus_punctatus,0.818975643,Low,1981_2010
166,Ictalurus_punctatus,0.795354153,Low,2011_2040
575,Illecebrum_verticillatum,1.778271499,Medium,1981_2010
167,Illecebrum_verticillatum,0.010331472,Low,2011_2040
168,Impatiens_balfourii,0.103753644,Low,2011_2040
169,Ipheion_uniflorum,3.41E-05,Low,2011_2040
170,Ipomoea_aquatica,0.000895413,Low,2011_2040
576,Ipomoea_purpurea,0.762848365,Low,1981_2010
171,Ipomoea_purpurea,0.224905516,Low,2011_2040
172,Iris_foetidissima,0.000853714,Low,2011_2040
173,Iris_sibirica,0.450072426,Low,2011_2040
174,Iris_spuria,0.001482804,Low,2011_2040
577,Juncus_compressus,2.351376559,High,1981_2010
175,Juncus_compressus,1.948717322,Medium,2011_2040
578,Juncus_ensifolius,1.178075829,Medium,1981_2010
176,Juncus_ensifolius,0.901168866,Low,2011_2040
177,Lablab_purpureus,0.049818074,Low,2011_2040
496,Lagarosiphon_major,0.119872462,Low,1981_2010
178,Lamium_confertum,0.090233328,Low,2011_2040
179,Lamium_galeobdolon,0.431151461,Low,2011_2040
180,Lawsonia_inermis,0.002540209,Low,2011_2040
181,Lemna_aequinoctialis,0.006315831,Low,2011_2040
579,Lemna_minuta,1.039971681,Medium,1981_2010
182,Lemna_minuta,0.223982705,Low,2011_2040
183,Lepidium_appelianum,0.397530562,Low,2011_2040
184,Lepidium_graminifolium,0.029995761,Low,2011_2040
185,Lepidium_heterophyllum,0.040950878,Low,2011_2040
497,Lepisosteus_oculatus,0.930108859,Low,1981_2010
498,Lepisosteus_osseus,1.404919455,Medium,1981_2010
499,Lepomis_cyanellus,1.090012469,Medium,1981_2010
500,Lepomis_gibbosus,3.635951415,High,1981_2010
580,Lepomis_gulosus,0.864192808,Low,1981_2010
186,Lepomis_gulosus,0.34450883,Low,2011_2040
501,Lepomis_macrochirus,1.256843093,Medium,1981_2010
502,Lepomis_megalotis,0.844395091,Low,1981_2010
503,Lepomis_microlophus,0.829967014,Low,1981_2010
504,Lepomis_peltastes,0.602518176,Low,1981_2010
187,Leucanthemella_serotina,0.191182357,Low,2011_2040
581,Leucaspius_delineatus,0.944101146,Low,1981_2010
188,Leucaspius_delineatus,0.096407731,Low,2011_2040
505,Leuciscus_aspius,0.907108212,Low,1981_2010
506,Leuciscus_idus,0.750097712,Low,1981_2010
507,Leuciscus_leuciscus,1.07546611,Medium,1981_2010
189,Leymus_innovatus,2.968041332,High,2011_2040
190,Ligusticum_scoticum,0.565847794,Low,2011_2040
582,Ligustrum_sinense,1.489435447,Medium,1981_2010
191,Ligustrum_sinense,0.095131875,Low,2011_2040
583,Limnomysis_benedeni,0.872878932,Low,1981_2010
192,Limnomysis_benedeni,0.009398194,Low,2011_2040
584,Limosella_aquatica,0.807692524,Low,1981_2010
193,Limosella_aquatica,2.137875708,High,2011_2040
194,Linaria_genistifolia,0.167228044,Low,2011_2040
195,Linaria_purpurea,0.045947107,Low,2011_2040
196,Linaria_supina,0.094031073,Low,2011_2040
197,Linum_virginianum,0.033957324,Low,2011_2040
198,Liriope_muscari,0.001183541,Low,2011_2040
199,Liriope_spicata,0.000148402,Low,2011_2040
200,Lobelia_siphilitica,0.587580052,Low,2011_2040
201,Lonicera_alpigena,0.39242602,Low,2011_2040
202,Lonicera_japonica,0.273034729,Low,2011_2040
203,Lopezia_racemosa,0.001917506,Low,2011_2040
204,Lotus_cytisoides,0.000219858,Low,2011_2040
585,Ludwigia_alternifolia,0.688400741,Low,1981_2010
205,Ludwigia_alternifolia,0.10166115,Low,2011_2040
206,Ludwigia_grandiflora,0.025914004,Low,2011_2040
586,Ludwigia_peploides,0.548757812,Low,1981_2010
207,Ludwigia_peploides,0.042040891,Low,2011_2040
208,Lupinus_perennis,0.386229991,Low,2011_2040
209,Lupinus_plattensis,0.214089765,Low,2011_2040
210,Luzula_campestris,0.602279612,Low,2011_2040
587,Lysichiton_americanus,0.684678709,Low,1981_2010
211,Lysichiton_americanus,0.244409672,Low,2011_2040
212,Lysichiton_camtschatcensis,0.358509832,Low,2011_2040
213,Lythrum_hyssopifolium,0.000107981,Low,2011_2040
588,Lythrum_portula,2.722471288,High,1981_2010
214,Lythrum_portula,0.168257343,Low,2011_2040
589,Lythrum_virgatum,0.574309726,Low,1981_2010
215,Lythrum_virgatum,0.735273841,Low,2011_2040
216,Macaca_mulatta,0.000144131,Low,2011_2040
217,Maianthemum_stellatum,2.608207699,High,2011_2040
218,Malva_sylvestris,0.282376018,Low,2011_2040
219,Marsilea_minuta,0.014473082,Low,2011_2040
508,Marsilea_quadrifolia,1.149415478,Medium,1981_2010
220,Matthiola_longipetala,0.059738757,Low,2011_2040
221,Medicago_italica,6.97E-05,Low,2011_2040
222,Medicago_monspeliaca,0.013575403,Low,2011_2040
223,Medicago_polymorpha,0.034168353,Low,2011_2040
224,Medicago_rigidula,0.04352041,Low,2011_2040
509,Menidia_beryllina,0.687742925,Low,1981_2010
590,Mentha_aquatica,2.364060899,High,1981_2010
225,Mentha_aquatica,0.346769136,Low,2011_2040
226,Mentha_gentilis,0.000587356,Low,2011_2040
591,Micropterus_dolomieu,3.381193763,High,1981_2010
227,Micropterus_dolomieu,1.701404457,Medium,2011_2040
510,Micropterus_salmoides,3.024325857,High,1981_2010
592,Mikania_scandens,0.513266063,Low,1981_2010
228,Mikania_scandens,0.012762016,Low,2011_2040
229,Mimosa_pudica,0.001342483,Low,2011_2040
230,Mirabilis_jalapa,0.111323668,Low,2011_2040
231,Miscanthus_sinensis,0.307034927,Low,2011_2040
232,Misopates_orontium,0.060476972,Low,2011_2040
233,Momordica_charantia,0.007641042,Low,2011_2040
593,Montia_fontana,2.576607183,High,1981_2010
234,Montia_fontana,1.449959012,Medium,2011_2040
235,Mosla_dianthera,0.010855453,Low,2011_2040
594,Muhlenbergia_frondosa,0.737923509,Low,1981_2010
236,Muhlenbergia_frondosa,0.474556544,Low,2011_2040
237,Mycelis_muralis,0.439901832,Low,2011_2040
511,Myocastor_coypus,1.564578203,Medium,1981_2010
512,Myriophyllum_aquaticum,1.833564321,Medium,1981_2010
595,Myriophyllum_heterophyllum,1.569914795,Medium,1981_2010
238,Myriophyllum_heterophyllum,0.605946159,Low,2011_2040
513,Myriophyllum_spicatum,1.919403947,Medium,1981_2010
596,Mysis_relicta,0.834248231,Low,1981_2010
239,Mysis_relicta,0.166845112,Low,2011_2040
514,Mytilopsis_leucophaeata,0.991472961,Low,1981_2010
515,Najas_marina,0.531832195,Low,1981_2010
516,Najas_minor,1.974029582,Medium,1981_2010
240,Nassella_neesiana,0.00025741,Low,2011_2040
597,Nasturtium_microphyllum,0.868946748,Low,1981_2010
241,Nasturtium_microphyllum,0.267868499,Low,2011_2040
242,Nasturtium_sterile,0.00241395,Low,2011_2040
243,Neogobius_fluviatilis,0.020410639,Low,2011_2040
517,Neogobius_melanostomus,2.571523368,High,1981_2010
244,Nepeta_racemosa,0.170793491,Low,2011_2040
245,Neyraudia_reynaudiana,0.00187826,Low,2011_2040
246,Nicandra_physalodes,0.389247461,Low,2011_2040
247,Nicotiana_tabacum,0.057186678,Low,2011_2040
518,Nitellopsis_obtusa,1.951298603,Medium,1981_2010
248,Nothoscordum_bivalve,0.00503872,Low,2011_2040
249,Nothoscordum_borbonicum,0.000506171,Low,2011_2040
598,Nuphar_pumila,2.985576307,High,1981_2010
250,Nuphar_pumila,1.6316096,Medium,2011_2040
251,Nymphaea_tetragona,2.157984434,High,2011_2040
252,Oenothera_flava,0.450325083,Low,2011_2040
599,Oenothera_parviflora,3.166855105,High,1981_2010
253,Oenothera_parviflora,1.365599764,Medium,2011_2040
600,Oncorhynchus_tshawytscha,1.94541793,Medium,1981_2010
254,Oncorhynchus_tshawytscha,1.782563765,Medium,2011_2040
255,Ononis_natrix,0.133253229,Low,2011_2040
256,Ophrys_insectifera,0.264360917,Low,2011_2040
257,Opuntia_ficus-indica,0.000981688,Low,2011_2040
258,Opuntia_humifusa,0.095283859,Low,2011_2040
259,Opuntia_macrorhiza,0.270283503,Low,2011_2040
260,Ornithopus_compressus,0.017144195,Low,2011_2040
261,Orobanche_crenata,0.002278188,Low,2011_2040
262,Orobanche_hederae,0.017172995,Low,2011_2040
263,Orontium_aquaticum,0.037418187,Low,2011_2040
264,Oryza_rufipogon,0.000337534,Low,2011_2040
265,Osmerus_eperlanus,0.125144907,Low,2011_2040
266,Oxalis_articulata,0.011075795,Low,2011_2040
267,Oxalis_latifolia,0.004285284,Low,2011_2040
268,Oxalis_pes-caprae,0.007185564,Low,2011_2040
269,Oxalis_triangularis,0.028271627,Low,2011_2040
270,Oxychilus_cellarius,0.2195287,Low,2011_2040
601,Pacifastacus_leniusculus,2.041316565,High,1981_2010
271,Pacifastacus_leniusculus,0.117325972,Low,2011_2040
272,Paederia_foetida,0.000210205,Low,2011_2040
273,Paeonia_mascula,0.004385463,Low,2011_2040
274,Palaemon_longirostris,3.77E-05,Low,2011_2040
275,Papaver_radicatum,2.759099282,High,2011_2040
276,Parapholis_strigosa,0.001251171,Low,2011_2040
277,Parietaria_judaica,0.086075635,Low,2011_2040
278,Parietaria_pensylvanica,1.510913596,Medium,2011_2040
279,Paspalum_conjugatum,0.00011044,Low,2011_2040
602,Paspalum_distichum,1.219087424,Medium,1981_2010
280,Paspalum_distichum,0.015464083,Low,2011_2040
281,Paspalum_notatum,8.96E-07,Low,2011_2040
282,Paspalum_urvillei,5.24E-05,Low,2011_2040
283,Paspalum_vaginatum,0.000866683,Low,2011_2040
284,Pentaglottis_sempervirens,0.018189091,Low,2011_2040
285,Pentas_lanceolata,0.004600811,Low,2011_2040
519,Perca_fluviatilis,1.224631175,Medium,1981_2010
286,Pericallis_hybrida,0.013346108,Low,2011_2040
287,Petrorhagia_prolifera,0.161809959,Low,2011_2040
288,Phacelia_ciliata,0.003251384,Low,2011_2040
289,Phedimus_aizoon,1.426058483,Medium,2011_2040
290,Philadelphus_pubescens,0.103025736,Low,2011_2040
603,Phormium_tenax,1.382965197,Medium,1981_2010
291,Phormium_tenax,0.000930227,Low,2011_2040
520,Phoxinus_phoxinus,2.251726688,High,1981_2010
292,Phyllostachys_nigra,0.01222726,Low,2011_2040
293,Physalis_angulata,0.002388505,Low,2011_2040
294,Physalis_longifolia,0.179552658,Low,2011_2040
604,Piaractus_brachypomus,0.815208905,Low,1981_2010
295,Piaractus_brachypomus,0.09403474,Low,2011_2040
296,Picris_pauciflora,0.004261206,Low,2011_2040
605,Pimephales_promelas,2.542281547,High,1981_2010
297,Pimephales_promelas,2.888135443,High,2011_2040
298,Pimpinella_major,0.167894583,Low,2011_2040
299,Pimpinella_saxifraga,1.534574006,Medium,2011_2040
521,Pisidium_amnicum,1.108006262,Medium,1981_2010
300,Plantago_patagonica,0.764385011,Low,2011_2040
301,Poa_angustifolia,2.469628089,High,2011_2040
302,Poa_supina,1.589923153,Medium,2011_2040
303,Polycarpon_tetraphyllum,0.018252272,Low,2011_2040
606,Polydora_cornuta,2.424885321,High,1981_2010
304,Polydora_cornuta,0.10146981,Low,2011_2040
305,Polygonum_arenarium,0.053132617,Low,2011_2040
306,Polygonum_bistorta,0.105221416,Low,2011_2040
307,Polygonum_plebeium,0.000600513,Low,2011_2040
607,Polygonum_ramosissimum,2.278404234,High,1981_2010
308,Polygonum_ramosissimum,1.073274418,Medium,2011_2040
608,Polypogon_monspeliensis,0.137374306,Low,1981_2010
309,Polypogon_monspeliensis,0.602854393,Low,2011_2040
609,Pomoxis_annularis,1.716238696,Medium,1981_2010
310,Pomoxis_annularis,0.615189445,Low,2011_2040
610,Pomoxis_nigromaculatus,2.537920176,High,1981_2010
311,Pomoxis_nigromaculatus,1.034199876,Medium,2011_2040
312,Potamocorbula_amurensis,0.000889972,Low,2011_2040
611,Potamogeton_compressus,0.846299477,Low,1981_2010
313,Potamogeton_compressus,1.133950355,Medium,2011_2040
522,Potamogeton_crispus,1.714313105,Medium,1981_2010
523,Potamopyrgus_antipodarum,1.657345092,Medium,1981_2010
314,Potamothrix_bavaricus,0.000607209,Low,2011_2040
612,Potamothrix_vejdovskyi,0.51627242,Low,1981_2010
315,Potamothrix_vejdovskyi,0.053489854,Low,2011_2040
316,Potentilla_pensylvanica,2.802190049,High,2011_2040
317,Potentilla_supina,1.34618365,Medium,2011_2040
318,Primula_elatior,1.550211908,Medium,2011_2040
613,Proasellus_coxalis,0.415052798,Low,1981_2010
319,Proasellus_coxalis,0.00395576,Low,2011_2040
524,Procambarus_clarkii,0.622552957,Low,1981_2010
525,Proterorhinus_semilunaris,1.239853691,Medium,1981_2010
614,Prunella_laciniata,1.244202842,Medium,1981_2010
320,Prunella_laciniata,0.046288364,Low,2011_2040
321,Prymnesium_parvum,0.005097292,Low,2011_2040
322,Pseudopolydora_paucibranchiata,0.006592656,Low,2011_2040
526,Pseudorasbora_parva,0.295949645,Low,1981_2010
323,Psidium_cattleianum,5.05E-07,Low,2011_2040
324,Psidium_guajava,0.003778304,Low,2011_2040
325,Puccinellia_hauptiana,2.532196015,High,2011_2040
326,Puccinellia_nuttalliana,3.505355112,High,2011_2040
615,Pulicaria_dysenterica,2.036691578,High,1981_2010
327,Pulicaria_dysenterica,0.036091906,Low,2011_2040
328,Pulsatilla_vulgaris,0.04271803,Low,2011_2040
527,Pylodictis_olivaris,0.926729164,Low,1981_2010
528,Radix_auricularia,1.987968484,Medium,1981_2010
329,Ranunculus_gramineus,0.032807911,Low,2011_2040
330,Raphanus_sativus,0.516919298,Low,2011_2040
331,Reseda_alba,0.017344608,Low,2011_2040
332,Reseda_luteola,0.074197787,Low,2011_2040
333,Retama_monosperma,5.69E-05,Low,2011_2040
616,Rhithropanopeus_harrisii,0.183089504,Low,1981_2010
334,Rhithropanopeus_harrisii,0.009185966,Low,2011_2040
529,Rhodeus_amarus,0.728736531,Low,1981_2010
335,Rhodeus_ocellatus,1.03E-05,Low,2011_2040
336,Ricinus_communis,0.039567362,Low,2011_2040
617,Rorippa_austriaca,2.082665079,High,1981_2010
337,Rorippa_austriaca,0.167496624,Low,2011_2040
618,Rorippa_curvisiliqua,1.175719489,Medium,1981_2010
338,Rorippa_curvisiliqua,0.487018659,Low,2011_2040
339,Rosa_arvensis,0.051847291,Low,2011_2040
340,Rosa_micrantha,0.0768537,Low,2011_2040
341,Rosa_setigera,0.084229039,Low,2011_2040
619,Rotala_ramosior,0.251953283,Low,1981_2010
342,Rotala_ramosior,0.082520362,Low,2011_2040
343,Rubus_fruticosus,0.05573653,Low,2011_2040
344,Rudbeckia_triloba,0.113830738,Low,2011_2040
345,Rumex_brownii,0.000100866,Low,2011_2040
346,Rumex_bucephalophorus,0.002232504,Low,2011_2040
347,Rumex_confertus,0.455476186,Low,2011_2040
348,Rumex_crispus,2.018098167,High,2011_2040
349,Rumex_cristatus,0.001910858,Low,2011_2040
620,Rumex_thyrsiflorus,0.998500781,Low,1981_2010
350,Rumex_thyrsiflorus,1.31740729,Medium,2011_2040
530,Rutilus_rutilus,1.10045988,Medium,1981_2010
351,Sagina_saginoides,2.096576285,High,2011_2040
621,Sagittaria_lancifolia,1.196856656,Medium,1981_2010
352,Sagittaria_lancifolia,0.001509761,Low,2011_2040
353,Sagittaria_platyphylla,0.01253734,Low,2011_2040
622,Sagittaria_sagittifolia,2.201040011,High,1981_2010
354,Sagittaria_sagittifolia,1.034604679,Medium,2011_2040
623,Sagittaria_subulata,0.461053922,Low,1981_2010
355,Sagittaria_subulata,0.043110679,Low,2011_2040
624,Salicornia_europaea,1.171235898,Medium,1981_2010
356,Salicornia_europaea,0.884587136,Low,2011_2040
625,Salix_eleagnos,1.600779683,Medium,1981_2010
357,Salix_eleagnos,0.161011719,Low,2011_2040
626,Salmo_salar,4.06299247,High,1981_2010
358,Salmo_salar,0.921480978,Low,2011_2040
359,Salpichroa_origanifolia,0.005142722,Low,2011_2040
360,Salsola_soda,0.000201124,Low,2011_2040
627,Salvelinus_namaycush,2.884881475,High,1981_2010
361,Salvelinus_namaycush,2.00049297,High,2011_2040
362,Salvia_verticillata,0.379787557,Low,2011_2040
363,Salvia_viridis,0.066242053,Low,2011_2040
364,Salvinia_auriculata,8.09E-05,Low,2011_2040
531,Sander_lucioperca,1.314775136,Medium,1981_2010
532,Sander_vitreus,0.978230992,Low,1981_2010
628,Sanguisorba_officinalis,2.326599803,High,1981_2010
365,Sanguisorba_officinalis,2.935590034,High,2011_2040
366,Santolina_rosmarinifolia,0.006594471,Low,2011_2040
367,Sarracenia_flava,0.002654793,Low,2011_2040
368,Satureja_montana,0.052257441,Low,2011_2040
369,Saxifraga_hirsuta,0.00925451,Low,2011_2040
370,Saxifraga_rosacea,0.026631803,Low,2011_2040
371,Saxifraga_sibthorpii,0.000382773,Low,2011_2040
372,Saxifraga_umbrosa,0.087489269,Low,2011_2040
373,Scabiosa_ochroleuca,1.256530042,Medium,2011_2040
629,Scardinius_erythrophthalmus,1.730466545,Medium,1981_2010
374,Scardinius_erythrophthalmus,0.379539989,Low,2011_2040
375,Schismus_barbatus,0.000214277,Low,2011_2040
376,Schkuhria_pinnata,1.67E-05,Low,2011_2040
377,Schoenoplectus_litoralis,0.002126452,Low,2011_2040
378,Schoenus_ferrugineus,0.32185974,Low,2011_2040
379,Scleranthus_perennis,0.312646207,Low,2011_2040
380,Scolymus_hispanicus,0.002118451,Low,2011_2040
381,Scopolia_carniolica,0.055562728,Low,2011_2040
382,Scorpiurus_muricatus,0.003470432,Low,2011_2040
630,Scrophularia_auriculata,2.216276239,High,1981_2010
383,Scrophularia_auriculata,0.05782737,Low,2011_2040
631,Scrophularia_canina,1.235779949,Medium,1981_2010
384,Scrophularia_canina,0.071115443,Low,2011_2040
385,Scutellaria_minor,0.026800938,Low,2011_2040
386,Secale_montanum,0.012191358,Low,2011_2040
387,Sedum_album,0.308876302,Low,2011_2040
388,Senecio_squalidus,0.026908313,Low,2011_2040
389,Senecio_sylvaticus,0.175373314,Low,2011_2040
390,Sesbania_herbacea,0.003982645,Low,2011_2040
391,Seseli_libanotis,1.277106423,Medium,2011_2040
392,Sesleria_caerulea,0.13656085,Low,2011_2040
393,Sidalcea_malviflora,0.045708134,Low,2011_2040
394,Silene_antirrhina,1.265900774,Medium,2011_2040
395,Silene_pendula,0.027343607,Low,2011_2040
396,Silene_sibirica,0.167469203,Low,2011_2040
533,Silurus_glanis,0.875041266,Low,1981_2010
397,Sinapis_arvensis,1.766543174,Medium,2011_2040
398,Sisymbrium_irio,0.270498466,Low,2011_2040
399,Smelowskia_calycina,1.010438569,Medium,2011_2040
400,Solanum_alatum,0.04691374,Low,2011_2040
401,Solanum_chenopodioides,0.021035233,Low,2011_2040
402,Solanum_nigrum,1.112371392,Medium,2011_2040
403,Solanum_tuberosum,0.279748599,Low,2011_2040
404,Solanum_viarum,0.000168358,Low,2011_2040
632,Spartium_junceum,0.88210143,Low,1981_2010
405,Spartium_junceum,0.010575113,Low,2011_2040
406,Spergula_morisonii,0.088398555,Low,2011_2040
407,Sphaeralcea_miniata,8.15E-05,Low,2011_2040
534,Sphaerium_corneum,1.288403242,Medium,1981_2010
408,Sphaerophysa_salsula,0.314407707,Low,2011_2040
409,Stachys_byzantina,0.095848355,Low,2011_2040
410,Stachys_cretica,0.012178435,Low,2011_2040
411,Stachys_officinalis,0.022841158,Low,2011_2040
412,Stachytarpheta_jamaicensis,0.00295553,Low,2011_2040
413,Stenotaphrum_secundatum,0.000939615,Low,2011_2040
535,Stratiotes_aloides,1.565412876,Medium,1981_2010
414,Tagetes_erecta,0.162087643,Low,2011_2040
415,Tagetes_minuta,0.007824931,Low,2011_2040
416,Tagetes_tenuifolia,0.047153282,Low,2011_2040
417,Talipariti_tiliaceum,0.000143958,Low,2011_2040
418,Tanacetum_balsamita,0.087167983,Low,2011_2040
419,Taraxacum_laevigatum,0.099381157,Low,2011_2040
420,Tetragonia_tetragonioides,0.002757419,Low,2011_2040
421,Thalictrum_minus,2.174582875,High,2011_2040
422,Theora_lubrica,4.63E-05,Low,2011_2040
536,Thymallus_arcticus,0.666497134,Low,1981_2010
423,Thymelaea_passerina,0.089740721,Low,2011_2040
424,Thymus_pulegioides,1.016550939,Medium,2011_2040
425,Thymus_serpyllum,0.699308819,Low,2011_2040
537,Tinca_tinca,0.787121915,Low,1981_2010
426,Tithonia_diversifolia,0.001590107,Low,2011_2040
427,Tolpis_barbata,0.002179962,Low,2011_2040
428,Tordylium_apulum,0.003682647,Low,2011_2040
429,Torilis_japonica,0.302123162,Low,2011_2040
430,Trachelospermum_jasminoides,0.000833534,Low,2011_2040
431,Tradescantia_ohiensis,0.09671717,Low,2011_2040
538,Trapa_natans,1.861965607,Medium,1981_2010
432,Trifolium_diffusum,0.010538443,Low,2011_2040
433,Trifolium_lappaceum,0.001014929,Low,2011_2040
434,Trifolium_ligusticum,0.000403291,Low,2011_2040
435,Trifolium_medium,0.705027486,Low,2011_2040
436,Trifolium_montanum,0.856807016,Low,2011_2040
437,Trifolium_mutabile,8.70E-05,Low,2011_2040
438,Trifolium_strictum,0.023315324,Low,2011_2040
439,Tropaeolum_majus,0.103174621,Low,2011_2040
440,Tulipa_sylvestris,0.238979776,Low,2011_2040
441,Typha_domingensis,0.049347994,Low,2011_2040
633,Typha_glauca,2.884106958,High,1981_2010
442,Typha_glauca,1.248626283,Medium,2011_2040
634,Umbra_pygmaea,0.114221506,Low,1981_2010
443,Umbra_pygmaea,0.009273751,Low,2011_2040
444,Urena_lobata,0.081053094,Low,2011_2040
445,Urochloa_distachya,8.59E-05,Low,2011_2040
446,Urospermum_picroides,0.002852119,Low,2011_2040
447,Urtica_chamaedryoides,0.000585435,Low,2011_2040
448,Vachellia_macracantha,0.00295553,Low,2011_2040
449,Vallisneria_spiralis,0.030958992,Low,2011_2040
539,Valvata_piscinalis,1.161580282,Medium,1981_2010
450,Verbascum_chaixii,0.085285549,Low,2011_2040
451,Verbascum_nigrum,0.713962229,Low,2011_2040
452,Verbascum_sinuatum,0.001550445,Low,2011_2040
453,Verbascum_speciosum,0.026820685,Low,2011_2040
454,Verbascum_virgatum,0.021889146,Low,2011_2040
455,Verbena_bonariensis,0.076472898,Low,2011_2040
456,Verbena_urticifolia,0.65164666,Low,2011_2040
457,Verbesina_alternifolia,0.050434193,Low,2011_2040
458,Verbesina_occidentalis,0.010130779,Low,2011_2040
459,Veronica_biloba,0.645722399,Low,2011_2040
460,Veronica_cymbalaria,0.012755608,Low,2011_2040
461,Veronica_fruticans,0.220112075,Low,2011_2040
462,Veronica_verna,0.969791562,Low,2011_2040
463,Vicia_disperma,0.012669869,Low,2011_2040
464,Vicia_sylvatica,1.348152918,Medium,2011_2040
465,Vicia_tenuifolia,1.140953423,Medium,2011_2040
540,Vimba_vimba,1.641848595,Medium,1981_2010
466,Vinca_major,0.114097716,Low,2011_2040
467,Viola_canadensis,1.818722738,Medium,2011_2040
468,Vitis_cinerea,0.015414006,Low,2011_2040
469,Wolffia_arrhiza,0.124491567,Low,2011_2040
470,Xanthium_spinosum,0.162410613,Low,2011_2040
471,Xiphophorus_hellerii,0.127931326,Low,2011_2040
472,Xiphophorus_maculatus,0.066740272,Low,2011_2040
